_id,AÑO,CVE_ENT,ENTIDAD,HOMBRES,MUJERES,DESCONOCIDO,TOTAL,POBLACION_HOMBRES,POBLACION_MUJERES,POBLACION_TOTAL,TASA_HOMBRES,TASA_MUJERES,TASA_TOTAL
1,1990,0,Nacional,1667,289,3,1959,41854639,42648349,84502988,3.98283210613763,0.677634672329285,2.31826121935475
2,1990,1,Aguascalientes,11,0,0,11,368701,382155,750856,2.98344729197914,0,1.46499461947431
3,1990,2,Baja California,38,1,0,39,876567,858476,1735043,4.33509360950161,0.116485492896715,2.24778290797404
4,1990,3,Baja California Sur,16,0,0,16,168715,160104,328819,9.48344841893133,0,4.86589886837439
5,1990,4,Campeche,36,4,0,40,282189,275162,557351,12.7574072695959,1.45368909951229,7.17680599837445
6,1990,5,Coahuila,58,6,0,64,1022262,1019988,2042250,5.67369226284456,0.58824221461429,3.13379850654915
7,1990,6,Colima,20,1,0,21,221926,221434,443360,9.01201301334679,0.451601831697029,4.73655719956694
8,1990,7,Chiapas,35,7,0,42,1674955,1648003,3322958,2.0896083775385,0.424756508331599,1.2639341213461
9,1990,8,Chihuahua,72,11,0,83,1271474,1266768,2538242,5.66271901745533,0.868351584504819,3.26997977340222
10,1990,9,Ciudad de México,203,39,0,242,4095970,4389561,8485531,4.95609098699453,0.888471535080615,2.85191345126192
11,1990,10,Durango,23,3,0,26,697666,705749,1403415,3.29670644692446,0.42508030475424,1.8526237784262
12,1990,11,Guanajuato,67,12,0,79,2020179,2117214,4137393,3.31653779194814,0.566782573702989,1.90941493834402
13,1990,12,Guerrero,24,3,0,27,1353144,1387384,2740528,1.77364715063585,0.216234294182433,0.985211608857855
14,1990,13,Hidalgo,17,4,0,21,969637,983408,1953045,1.75323342652972,0.406748775686185,1.07524404199596
15,1990,14,Jalisco,102,31,1,134,2726363,2853600,5579963,3.74124795560973,1.08634707036726,2.40144961534691
16,1990,15,Estado de México,80,38,0,118,5093051,5160093,10253144,1.57076769896865,0.736420835826021,1.15086650494717
17,1990,16,Michoacán,61,9,0,70,1823504,1904062,3727566,3.34520790741342,0.472673683945166,1.87790102173912
18,1990,17,Morelos,20,5,0,25,611466,630036,1241502,3.2708278138114,0.793605444768236,2.01368986920682
19,1990,18,Nayarit,12,3,0,15,429197,424844,854041,2.79591889039299,0.706141548427187,1.75635595949141
20,1990,19,Nuevo León,59,12,0,71,1610294,1598116,3208410,3.66392720832345,0.750884166105589,2.21293413248307
21,1990,20,Oaxaca,46,7,0,53,1556827,1596261,3153088,2.95472778927909,0.43852477758963,1.68089187488583
22,1990,21,Puebla,37,8,0,45,2127187,2201654,4328841,1.73938633509889,0.363363180590592,1.03953922077526
23,1990,22,Querétaro,20,2,0,22,545465,555730,1101195,3.66659639023585,0.359886995483418,1.99782963053773
24,1990,23,Quintana Roo,16,5,0,21,268639,247591,516230,5.95594831725848,2.01945951185625,4.06795420645836
25,1990,24,San Luis Potosí,61,8,1,70,1034764,1047397,2082161,5.89506399526849,0.763798254148141,3.36189180375581
26,1990,25,Sinaloa,47,3,0,50,1144352,1126775,2271127,4.10712787673723,0.266246588715582,2.20155015549549
27,1990,26,Sonora,62,7,0,69,953806,932094,1885900,6.50027364055164,0.750997217018884,3.65873057956413
28,1990,27,Tabasco,134,17,0,151,781923,770898,1552821,17.1372372983018,2.20522040529357,9.72423737185419
29,1990,28,Tamaulipas,71,10,0,81,1160499,1168702,2329201,6.11805783546561,0.85565011440042,3.47758737867621
30,1990,29,Tlaxcala,12,2,0,14,394980,400135,795115,3.03812851283609,0.49983130693391,1.76075158939273
31,1990,30,Veracruz,125,18,1,144,3204571,3228679,6433250,3.90067812509069,0.557503548664949,2.23837096335445
32,1990,31,Yucatán,46,9,0,55,709129,712104,1421233,6.48683102792299,1.26386033500725,3.86987918237193
33,1990,32,Zacatecas,25,4,0,29,655237,674172,1329409,3.81541335425197,0.593320398948636,2.18142046578592
34,1990,33,Extranjero,11,0,0,11,,,,,,
35,1991,0,Nacional,1804,318,6,2128,42646245,43481232,86127477,4.23014968844268,0.731350022464865,2.47075622568161
36,1991,1,Aguascalientes,10,1,0,11,380507,394287,774794,2.62807254531454,0.253622361376358,1.41973221269137
37,1991,2,Baja California,46,4,0,50,913637,894082,1807719,5.03482236380532,0.447386257636324,2.76591660540161
38,1991,3,Baja California Sur,12,2,0,14,173687,165142,338829,6.9089799466857,1.21107895023677,4.13187773183523
39,1991,4,Campeche,29,6,0,35,290783,283855,574638,9.97307270370001,2.11375526236987,6.09079107194442
40,1991,5,Coahuila,59,5,1,65,1039024,1037757,2076781,5.67840588860315,0.481808361687755,3.12984373412507
41,1991,6,Colima,17,7,0,24,226855,226565,453420,7.49377355579555,3.08962108004326,5.29310572978695
42,1991,7,Chiapas,24,7,0,31,1707869,1683710,3391579,1.40526000530486,0.41574855527377,0.914028539509179
43,1991,8,Chihuahua,106,12,1,119,1299954,1295752,2595706,8.15413468476577,0.926103143194068,4.5844945459925
44,1991,9,Ciudad de México,229,55,0,284,4104691,4400876,8505567,5.57898268103494,1.24975118590026,3.33898962879253
45,1991,10,Durango,16,3,0,19,705116,713278,1418394,2.26913018567158,0.420593373130813,1.33954317347648
46,1991,11,Guanajuato,54,11,0,65,2055718,2156046,4211764,2.62681943729636,0.51019319624906,1.54329634803849
47,1991,12,Guerrero,33,5,0,38,1375552,1410940,2786492,2.39903689573349,0.354373679958042,1.36372184093836
48,1991,13,Hidalgo,13,9,0,22,987555,1002675,1990230,1.31638237870296,0.897598922881293,1.10539987840601
49,1991,14,Jalisco,157,26,0,183,2782357,2909423,5691780,5.64269789965846,0.89364798449727,3.2151629191571
50,1991,15,Estado de México,75,21,0,96,5243427,5318299,10561726,1.43036224209854,0.394863094384125,0.908942345218954
51,1991,16,Michoacán,60,16,0,76,1850070,1932480,3782550,3.24312053057452,0.827951647623779,2.00922657995268
52,1991,17,Morelos,21,8,1,30,630610,650393,1281003,3.33010894213539,1.23002553840524,2.34191489012906
53,1991,18,Nayarit,16,2,0,18,435129,430867,865996,3.67707047795022,0.464180361921428,2.07853154056139
54,1991,19,Nuevo León,67,7,1,75,1647026,1635274,3282300,4.06793821105435,0.428062820053398,2.28498309112513
55,1991,20,Oaxaca,46,1,0,47,1573467,1615203,3188670,2.92348044159808,0.061911722551283,1.47396877067868
56,1991,21,Puebla,41,6,0,47,2166163,2244912,4411075,1.89274768334608,0.267271055613761,1.06549990648538
57,1991,22,Querétaro,14,5,0,19,561647,572722,1134369,2.492668882768,0.873023910378858,1.6749399886633
58,1991,23,Quintana Roo,13,2,0,15,286506,265089,551595,4.5374267903639,0.75446359524537,2.71938650640416
59,1991,24,San Luis Potosí,48,5,0,53,1050786,1064212,2114998,4.56800909033809,0.469831199046807,2.50591253514188
60,1991,25,Sinaloa,52,10,0,62,1162804,1145721,2308525,4.47194884090526,0.872812840124254,2.68569757745747
61,1991,26,Sonora,83,9,0,92,975144,953667,1928811,8.51156342037689,0.943725640081915,4.76977785796535
62,1991,27,Tabasco,153,21,1,175,803007,793226,1596233,19.0533830962868,2.64741700347694,10.9633117470946
63,1991,28,Tamaulipas,86,13,1,100,1183239,1191509,2374748,7.26818504123005,1.09105344567267,4.21097312220076
64,1991,29,Tlaxcala,6,4,0,10,404890,410864,815754,1.48188396848527,0.9735581603645,1.22585975674039
65,1991,30,Veracruz,131,23,0,154,3243438,3274366,6517804,4.0389241292727,0.702426057441349,2.36275899060481
66,1991,31,Yucatán,51,3,0,54,725477,728635,1454112,7.02985759713954,0.411728780527974,3.71360665478313
67,1991,32,Zacatecas,26,7,0,33,660110,679405,1339515,3.93873748314675,1.03031328883361,2.4635782354061
68,1991,33,Extranjero,10,2,0,12,,,,,,
69,1992,0,Nacional,1911,346,1,2258,43439574,44313557,87753131,4.39921441218553,0.780799428942253,2.5731275616821
70,1992,1,Aguascalientes,9,5,0,14,392478,406505,798983,2.29312216226132,1.22999717100651,1.75222751923383
71,1992,2,Baja California,48,6,0,54,952068,931201,1883269,5.0416566883878,0.644329204972933,2.86735458397075
72,1992,3,Baja California Sur,15,1,0,16,178530,170084,348614,8.40194925222652,0.587944780226241,4.58960340089612
73,1992,4,Campeche,41,4,0,45,299680,292905,592585,13.6812600106781,1.36563049452894,7.59384729616848
74,1992,5,Coahuila,43,6,1,50,1054463,1054326,2108789,4.07790505688678,0.569083945572811,2.37102905980636
75,1992,6,Colima,23,1,0,24,231954,231890,463844,9.91575915914362,0.431238949501919,5.17415337915334
76,1992,7,Chiapas,42,7,0,49,1736557,1715406,3451963,2.41857883156153,0.408066661769867,1.4194821902784
77,1992,8,Chihuahua,89,11,0,100,1328595,1325129,2653724,6.69880588140103,0.83010786119691,3.76828939256682
78,1992,9,Ciudad de México,245,56,0,301,4118915,4418139,8537054,5.94816838900536,1.26750199574979,3.5258064433
79,1992,10,Durango,22,3,0,25,711773,719825,1431598,3.09087307329725,0.4167679644358,1.7463002882094
80,1992,11,Guanajuato,57,15,0,72,2088749,2191640,4280389,2.72890615387488,0.684418973919074,1.6820901090999
81,1992,12,Guerrero,41,7,0,48,1397539,1433638,2831177,2.9337285041777,0.488268307620194,1.69540795224036
82,1992,13,Hidalgo,23,6,0,29,1006332,1022489,2028821,2.28552803647305,0.586803378813855,1.4294016081261
83,1992,14,Jalisco,156,23,0,179,2838243,2964295,5802538,5.49635813424009,0.775901183924002,3.08485700567579
84,1992,15,Estado de México,76,26,0,102,5397338,5480026,10877364,1.40810154931931,0.474450303702939,0.937727191992472
85,1992,16,Michoacán,102,16,0,118,1875023,1958612,3833635,5.43993327015189,0.81690503274768,3.07801864288071
86,1992,17,Morelos,30,7,0,37,651287,672223,1323510,4.60626421224437,1.04132110921525,2.7955965576384
87,1992,18,Nayarit,21,1,0,22,441037,436850,877887,4.76150527053286,0.228911525695319,2.5060172892411
88,1992,19,Nuevo León,78,12,0,90,1684618,1673380,3357998,4.630129797972,0.717111474978786,2.68016836222059
89,1992,20,Oaxaca,58,14,0,72,1587199,1630952,3218151,3.65423617328388,0.858394361084814,2.2373095606763
90,1992,21,Puebla,41,15,0,56,2205721,2288615,4494336,1.85880263188318,0.655418233298305,1.24601275917065
91,1992,22,Querétaro,14,4,0,18,577573,589389,1166962,2.42393602194008,0.678668926634192,1.54246667843512
92,1992,23,Quintana Roo,12,3,0,15,304862,283211,588073,3.93620720194711,1.05928088951347,2.55070373916164
93,1992,24,San Luis Potosí,68,9,0,77,1066781,1080841,2147622,6.37431675292305,0.832684918503277,3.58536092478099
94,1992,25,Sinaloa,47,8,0,55,1181371,1164688,2346059,3.97842845304312,0.686879232893273,2.34435706859887
95,1992,26,Sonora,71,15,0,86,997315,976119,1973434,7.11911482330056,1.53669788212298,4.35788579704211
96,1992,27,Tabasco,108,17,0,125,823802,815405,1639207,13.1099463220531,2.08485353903888,7.62563849471116
97,1992,28,Tamaulipas,100,11,0,111,1206539,1214911,2421450,8.28816971519363,0.905416116900744,4.58403022982098
98,1992,29,Tlaxcala,12,2,0,14,414790,421582,836372,2.89303020805709,0.474403556129057,1.67389630451522
99,1992,30,Veracruz,128,19,0,147,3282403,3320501,6602904,3.89958210493958,0.572202809154402,2.22629315828308
100,1992,31,Yucatán,56,9,0,65,741598,744834,1486432,7.55126092573065,1.20832292833034,4.37288755893307
101,1992,32,Zacatecas,23,7,0,30,664441,683946,1348387,3.46155640606164,1.02347261333497,2.22488054245554
102,1992,33,Extranjero,12,0,0,12,,,,,,
103,1993,0,Nacional,2029,339,1,2369,44226367,45138193,89364560,4.58776096169057,0.751026962909215,2.65093902996893
104,1993,1,Aguascalientes,14,1,0,15,404533,418809,823342,3.4607807026868,0.238772328197341,1.8218431708816
105,1993,2,Baja California,48,1,0,49,991089,968860,1959949,4.84315737537194,0.103214086658547,2.50006505271311
106,1993,3,Baja California Sur,17,2,0,19,183401,175058,358459,9.26930605612838,1.14247849284237,5.3004667200433
107,1993,4,Campeche,31,3,0,34,308560,301950,610510,10.0466683951257,0.993541977148535,5.56911434702134
108,1993,5,Coahuila,55,4,1,60,1069581,1070550,2140131,5.14220054395132,0.373639717902013,2.80356669755263
109,1993,6,Colima,9,3,0,12,237101,237253,474354,3.79585071340905,1.26447294660131,2.52975625798454
110,1993,7,Chiapas,44,13,0,57,1764418,1746362,3510780,2.49374014547573,0.744404653788848,1.62357083041375
111,1993,8,Chihuahua,88,6,0,94,1357072,1354330,2711402,6.4845490880366,0.443023487628569,3.46684113974984
112,1993,9,Ciudad de México,235,51,0,286,4131554,4433324,8564878,5.68793243413979,1.15037836169881,3.33921860883483
113,1993,10,Durango,19,5,0,24,717860,725740,1443600,2.64675563480344,0.688951966268912,1.66251039068994
114,1993,11,Guanajuato,79,11,0,90,2120999,2226393,4347392,3.72465993619045,0.494072699653655,2.07020668943587
115,1993,12,Guerrero,36,11,0,47,1419256,1456009,2875265,2.53654027180438,0.755489835571071,1.63463193827352
116,1993,13,Hidalgo,21,2,0,23,1025416,1042581,2067997,2.04794932008083,0.19183161787909,1.11218730007829
117,1993,14,Jalisco,165,45,0,210,2893063,3017873,5910936,5.70329785421196,1.49111642537642,3.55273682543678
118,1993,15,Estado de México,85,22,0,107,5551492,5642098,11193590,1.53111992235601,0.389925875091145,0.955904227330106
119,1993,16,Michoacán,89,10,0,99,1898827,1983512,3882339,4.68710419643285,0.504156264242414,2.55000915685106
120,1993,17,Morelos,19,4,0,23,672537,694616,1367153,2.82512337611165,0.575857740103885,1.68232816663534
121,1993,18,Nayarit,12,3,0,15,446741,442612,889353,2.68612014567725,0.677794546916939,1.68661937385942
122,1993,19,Nuevo León,91,15,0,106,1722879,1712084,3434963,5.28185670612968,0.876125236845856,3.08591388029507
123,1993,20,Oaxaca,75,8,0,83,1599672,1645441,3245113,4.68846113453258,0.486191847656646,2.55769213583626
124,1993,21,Puebla,45,15,0,60,2245217,2332249,4577466,2.00426061267129,0.643156026650671,1.31076888391962
125,1993,22,Querétaro,17,1,0,18,593431,605989,1199420,2.86469699088858,0.165019497053577,1.50072535058612
126,1993,23,Quintana Roo,17,3,0,20,323631,301720,625351,5.25289604518727,0.994299350391091,3.19820388869611
127,1993,24,San Luis Potosí,51,9,0,60,1082662,1097296,2179958,4.71061143736457,0.820198014027209,2.75234660484285
128,1993,25,Sinaloa,66,7,0,73,1200016,1183690,2383706,5.49992666764443,0.591371051542211,3.06245820583579
129,1993,26,Sonora,64,8,0,72,1019848,998896,2018744,6.27544496826978,0.800884176130448,3.56657406783624
130,1993,27,Tabasco,130,15,0,145,844635,837645,1682280,15.3912636819455,1.79073473846319,8.61925482083839
131,1993,28,Tamaulipas,104,14,0,118,1229892,1238291,2468183,8.45602703326796,1.1305904670227,4.78084485631738
132,1993,29,Tlaxcala,5,0,0,5,424780,432400,857180,1.17707990018362,0,0.583308056650879
133,1993,30,Veracruz,174,27,0,201,3320487,3365860,6686347,5.24019518823594,0.802172401704171,3.00612576643121
134,1993,31,Yucatán,75,11,0,86,757340,760656,1517996,9.90308183906832,1.44612019099304,5.66536407210559
135,1993,32,Zacatecas,26,6,0,32,668377,688046,1356423,3.89002015329672,0.87203471860893,2.35914607758789
136,1993,33,Extranjero,23,3,0,26,,,,,,
137,1994,0,Nacional,2218,398,0,2616,45000843,45952662,90953505,4.92879655610007,0.866108692462691,2.8761948206394
138,1994,1,Aguascalientes,13,1,0,14,416608,431143,847751,3.12043935786159,0.231941606381178,1.65142830854815
139,1994,2,Baja California,63,8,0,71,1030646,1007046,2037692,6.1126710820204,0.794402639005567,3.48433423697006
140,1994,3,Baja California Sur,11,1,0,12,188280,180065,368345,5.84236243892076,0.555355010690584,3.25781536331428
141,1994,4,Campeche,33,13,0,46,317380,310970,628350,10.3976306005419,4.1804675692189,7.32076072252725
142,1994,5,Coahuila,52,8,0,60,1084260,1086425,2170685,4.79589766292218,0.736360080079159,2.76410441865126
143,1994,6,Colima,21,5,0,26,242204,242590,484794,8.6703770375386,2.0610907292139,5.36310267866351
144,1994,7,Chiapas,49,14,0,63,1791716,1776942,3568658,2.73480841829844,0.787870397570658,1.76536950304568
145,1994,8,Chihuahua,111,16,0,127,1385225,1383264,2768489,8.01313865978451,1.15668447960765,4.5873398810687
146,1994,9,Ciudad de México,242,62,0,304,4142184,4446376,8588560,5.84232858801058,1.39439399636918,3.5395922017195
147,1994,10,Durango,35,1,0,36,723324,731058,1454382,4.83877211318856,0.136788052384353,2.47527815938316
148,1994,11,Guanajuato,101,18,0,119,2152311,2260294,4412605,4.69263038659376,0.796356580161696,2.69681967907846
149,1994,12,Guerrero,44,9,0,53,1440626,1478062,2918688,3.05422781485271,0.608905445103115,1.81588439737307
150,1994,13,Hidalgo,26,4,0,30,1044344,1062584,2106928,2.4896011275978,0.376440827266362,1.42387400044045
151,1994,14,Jalisco,200,38,0,238,2946622,3070154,6016776,6.78743320317299,1.23772292855668,3.9556067900816
152,1994,15,Estado de México,99,36,0,135,5705927,5804911,11510838,1.73503797016681,0.620164546881081,1.17280774866261
153,1994,16,Michoacán,111,16,0,127,1921463,2007282,3928745,5.77684816205152,0.797097767030243,3.23258445126879
154,1994,17,Morelos,18,4,0,22,693971,717257,1411228,2.59376832749495,0.557680162061855,1.55892598502864
155,1994,18,Nayarit,26,3,0,29,452176,448105,900281,5.74997346166095,0.669485946374176,3.22121648685244
156,1994,19,Nuevo León,85,8,0,93,1761358,1751048,3512406,4.82582189424296,0.456869257724517,2.64775769088198
157,1994,20,Oaxaca,53,13,0,66,1611236,1659090,3270326,3.28940018718549,0.783562073184698,2.01814742628105
158,1994,21,Puebla,54,8,0,62,2283910,2375263,4659173,2.36436637170466,0.336804808562252,1.33070826088664
159,1994,22,Querétaro,17,1,0,18,609217,622572,1231789,2.79046710777933,0.16062399208445,1.46128923054192
160,1994,23,Quintana Roo,28,4,0,32,342671,320540,663211,8.1711028946132,1.24789417857366,4.82501044162416
161,1994,24,San Luis Potosí,85,9,0,94,1098065,1113317,2211382,7.74088965589469,0.808395093221427,4.2507355129055
162,1994,25,Sinaloa,61,6,0,67,1218318,1202388,2420706,5.00690295965421,0.499006976117526,2.76778757932603
163,1994,26,Sonora,79,10,0,89,1042300,1021661,2063961,7.57939172982827,0.978798251083285,4.31209698245267
164,1994,27,Tabasco,140,19,0,159,865318,859832,1725150,16.1790232030306,2.20973399454777,9.21658986175115
165,1994,28,Tamaulipas,102,12,0,114,1252935,1261400,2514335,8.14088520154677,0.951323925796734,4.53400203234653
166,1994,29,Tlaxcala,8,2,0,10,434774,443263,878037,1.84003643272137,0.451199400807196,1.13890416918649
167,1994,30,Veracruz,137,24,0,161,3356877,3409879,6766756,4.08117425809763,0.703837291587179,2.37927893365743
168,1994,31,Yucatán,48,19,0,67,772715,776146,1548861,6.21186336488874,2.44799303223878,4.32575938060291
169,1994,32,Zacatecas,37,5,0,42,671882,691735,1363617,5.50691936977029,0.722820155117205,3.08004373662106
170,1994,33,Extranjero,29,1,0,30,,,,,,
171,1995,0,Nacional,2459,451,2,2912,45753998,46752746,92506744,5.37439373057629,0.96464922081796,3.14787860223466
172,1995,1,Aguascalientes,16,4,0,20,428411,443316,871727,3.73473136777534,0.902290916637342,2.29429626477097
173,1995,2,Baja California,82,7,0,89,1070105,1045041,2115146,7.66279944491428,0.669830178911641,4.20774736117507
174,1995,3,Baja California Sur,22,3,0,25,193233,185094,378327,11.385218880833,1.62079808097507,6.60804013459256
175,1995,4,Campeche,20,11,0,31,325870,319727,645597,6.13741676128518,3.44043512121278,4.80175713332001
176,1995,5,Coahuila,66,7,0,73,1098538,1101859,2200397,6.00798515845606,0.63528999626994,3.31758314522334
177,1995,6,Colima,20,2,0,22,247216,247863,495079,8.09009125622937,0.806897358621497,4.44373524225427
178,1995,7,Chiapas,57,14,0,71,1819205,1807854,3627059,3.13323677100712,0.774398817603634,1.95750882464278
179,1995,8,Chihuahua,138,26,0,164,1412529,1411282,2823811,9.7697109227492,1.84229657857182,5.80775413085366
180,1995,9,Ciudad de México,269,60,0,329,4150642,4457301,8607943,6.48092511953572,1.34610608527447,3.82205133096258
181,1995,10,Durango,41,3,0,44,727908,735603,1463511,5.63257994142117,0.407828679328388,3.00646869070338
182,1995,11,Guanajuato,90,15,0,105,2182755,2293809,4476564,4.12322958829553,0.653934133138374,2.34554895227679
183,1995,12,Guerrero,37,16,0,53,1461528,1500131,2961659,2.53159706827375,1.06657351924599,1.7895375531079
184,1995,13,Hidalgo,31,12,0,43,1062749,1082422,2145171,2.91696345985741,1.10862491708409,2.00450220518551
185,1995,14,Jalisco,185,37,0,222,2997883,3120243,6118126,6.17102135073317,1.18580507992486,3.62856207930337
186,1995,15,Estado de México,136,35,0,171,5859221,5967583,11826804,2.32112767209156,0.586502106464208,1.44586821596096
187,1995,16,Michoacán,106,20,0,126,1942256,2029700,3971956,5.45757098961208,0.985367295659457,3.17224057869725
188,1995,17,Morelos,36,6,0,42,714468,739191,1453659,5.03871412015654,0.811698194377367,2.88926082389336
189,1995,18,Nayarit,24,3,0,27,457178,453233,910411,5.24959643727388,0.661911202405827,2.96569351644477
190,1995,19,Nuevo León,88,9,1,98,1799240,1789375,3588615,4.89095395833797,0.50296891372686,2.73085856242589
191,1995,20,Oaxaca,68,15,0,83,1623209,1673686,3296895,4.18923256339757,0.896225456865864,2.5175202728628
192,1995,21,Puebla,67,12,0,79,2322467,2418745,4741212,2.88486338019012,0.496125056589264,1.66624061526884
193,1995,22,Querétaro,43,7,0,50,625095,639418,1264513,6.87895439893136,1.09474553422018,3.95409141701192
194,1995,23,Quintana Roo,31,4,0,35,361923,339557,701480,8.56535782473067,1.17800546005531,4.98945087529224
195,1995,24,San Luis Potosí,66,11,0,77,1112520,1128795,2241315,5.93247761837989,0.974490496502908,3.4354831873253
196,1995,25,Sinaloa,71,8,1,80,1235743,1220298,2456041,5.74553123100839,0.655577572035683,3.25727461390099
197,1995,26,Sonora,90,4,0,94,1063908,1043625,2107533,8.45937806652455,0.383279434662834,4.46019113342472
198,1995,27,Tabasco,139,21,0,160,885572,881752,1767324,15.696069884775,2.38162204338635,9.05323528679518
199,1995,28,Tamaulipas,109,21,0,130,1275729,1284346,2560075,8.54413437336613,1.63507341479632,5.0779762311651
200,1995,29,Tlaxcala,10,5,0,15,444689,454147,898836,2.24876261836924,1.10096510601193,1.66882501368437
201,1995,30,Veracruz,170,37,0,207,3389643,3451357,6841000,5.01527742007049,1.07204209822397,3.02587341032013
202,1995,31,Yucatán,69,10,0,79,787659,791238,1578897,8.76013604872159,1.26384223204649,5.00349294475827
203,1995,32,Zacatecas,35,5,0,40,674906,695155,1370061,5.18590737080423,0.719264049025038,2.91957803338683
204,1995,33,Extranjero,27,1,0,28,,,,,,
205,1996,0,Nacional,2530,502,2,3034,46474031,47531607,94005638,5.44390048713442,1.05613933902971,3.22746599517786
206,1996,1,Aguascalientes,16,3,0,19,438720,454583,893303,3.64697301239971,0.65994548850265,2.1269378922941
207,1996,2,Baja California,64,9,0,73,1110076,1082021,2192097,5.7653710196419,0.831776832427467,3.33014460582721
208,1996,3,Baja California Sur,28,1,0,29,198879,190174,389053,14.0789123034609,0.525834236015438,7.45399727029479
209,1996,4,Campeche,29,9,0,38,332844,326915,659759,8.71279037627237,2.7530091919918,5.75967891305765
210,1996,5,Coahuila,70,8,0,78,1113822,1116593,2230415,6.28466667025791,0.716465175762341,3.497107040618
211,1996,6,Colima,21,2,0,23,252489,253298,505787,8.31719401637299,0.789583810373552,4.54736875404073
212,1996,7,Chiapas,51,13,1,65,1851574,1842929,3694503,2.75441327216736,0.705398851502147,1.75937061087784
213,1996,8,Chihuahua,158,26,0,184,1441177,1438226,2879403,10.963261278802,1.80778264333978,6.39021352690124
214,1996,9,Ciudad de México,295,62,0,357,4162107,4469174,8631281,7.08775627344516,1.38728096064284,4.13611838150096
215,1996,10,Durango,42,11,0,53,730408,738927,1469335,5.75021084106417,1.48864502176805,3.60707394841884
216,1996,11,Guanajuato,96,23,0,119,2211097,2328114,4539211,4.3417362512816,0.987924130863008,2.62160097867228
217,1996,12,Guerrero,46,20,0,66,1480404,1522713,3003117,3.10725991013264,1.31344514691869,2.19771657248119
218,1996,13,Hidalgo,35,6,0,41,1078426,1102139,2180565,3.24547071379956,0.544395942798504,1.88024663332668
219,1996,14,Jalisco,194,55,0,249,3040932,3162112,6203044,6.37962308923712,1.73934383095855,4.0141582100659
220,1996,15,Estado de México,134,41,0,175,6009685,6128172,12137857,2.22973417075937,0.669041273645714,1.44177015761514
221,1996,16,Michoacán,151,19,1,171,1956269,2048589,4004858,7.71877487196291,0.927467637481213,4.26981431051987
222,1996,17,Morelos,46,7,0,53,730135,757143,1487278,6.30020475665459,0.924528127447523,3.56355704851413
223,1996,18,Nayarit,17,2,0,19,460902,457321,918223,3.68841966405006,0.437329578130023,2.06921412336655
224,1996,19,Nuevo León,70,14,0,84,1835393,1824205,3659598,3.81389707817345,0.767457604819634,2.29533407767738
225,1996,20,Oaxaca,65,12,0,77,1640109,1696262,3336371,3.96315122958291,0.707437884006126,2.30789681363374
226,1996,21,Puebla,50,14,0,64,2365829,2468532,4834361,2.11342408939953,0.567138688094787,1.3238564517627
227,1996,22,Querétaro,27,4,0,31,641223,657654,1298877,4.21070360857299,0.608222560799448,2.38667710645427
228,1996,23,Quintana Roo,44,5,0,49,382077,358597,740674,11.5160033187028,1.39432287498222,6.61559606520548
229,1996,24,San Luis Potosí,74,10,0,84,1124874,1143689,2268563,6.57851457140978,0.874363572614583,3.70278453805338
230,1996,25,Sinaloa,46,8,0,54,1251602,1236059,2487661,3.67528974865812,0.647218296214016,2.17071377490743
231,1996,26,Sonora,94,13,0,107,1083041,1062084,2145125,8.67926514324019,1.22400864715032,4.98805430918944
232,1996,27,Tabasco,136,32,0,168,904019,901703,1805722,15.0439315987828,3.54884036096143,9.30375772128822
233,1996,28,Tamaulipas,81,10,0,91,1300531,1308889,2609420,6.22822524030569,0.764006726315218,3.48736500831602
234,1996,29,Tlaxcala,10,4,0,14,454337,464660,918997,2.201009382903,0.860844488443163,1.52339996757334
235,1996,30,Veracruz,190,43,0,233,3413422,3486864,6900286,5.56626165765616,1.23319980360576,3.37667163361055
236,1996,31,Yucatán,87,7,0,94,801134,804839,1605973,10.8596065077752,0.869739165224349,5.85314946141685
237,1996,32,Zacatecas,36,7,0,43,676494,698427,1374921,5.32155495835883,1.00225220388101,3.12745241362958
238,1996,33,Extranjero,27,2,0,29,,,,,,
239,1997,0,Nacional,2830,549,1,3380,47150749,48287270,95438019,6.00202554576599,1.13694561734387,3.54156554737374
240,1997,1,Aguascalientes,18,9,0,27,447511,465002,912513,4.02224749782687,1.93547554634174,2.95886195593926
241,1997,2,Baja California,85,10,0,95,1150708,1118507,2269215,7.38675667502094,0.894048942027184,4.18646977038315
242,1997,3,Baja California Sur,30,2,0,32,205112,195289,400401,14.6261554662818,1.02412322250613,7.99198803199792
243,1997,4,Campeche,52,6,0,58,338408,332680,671088,15.3660669960521,1.80353492845978,8.64268173473524
244,1997,5,Coahuila,90,12,0,102,1129657,1130548,2260205,7.96702007777582,1.0614321550257,4.51286498348601
245,1997,6,Colima,26,5,0,31,257898,258830,516728,10.0815050911601,1.93176988757099,5.99928782647737
246,1997,7,Chiapas,64,17,0,81,1888093,1881922,3770015,3.38966353881933,0.903331806525456,2.1485325655203
247,1997,8,Chihuahua,173,21,0,194,1471185,1464548,2935733,11.7592281052349,1.43388950037827,6.60823038062385
248,1997,9,Ciudad de México,324,65,0,389,4175406,4481710,8657116,7.75972444356309,1.45033926782411,4.49341327989598
249,1997,10,Durango,38,8,0,46,730865,741222,1472087,5.19931861561301,1.07929877958291,3.12481531322537
250,1997,11,Guanajuato,131,36,0,167,2236634,2362752,4599386,5.85701549739475,1.5236470014627,3.63091943141976
251,1997,12,Guerrero,34,16,0,50,1496781,1545399,3042180,2.27154139449926,1.03533132867305,1.6435582378426
252,1997,13,Hidalgo,46,9,0,55,1090761,1121222,2211983,4.21723915688221,0.802695630303365,2.48645672231658
253,1997,14,Jalisco,268,48,0,316,3075755,3196451,6272206,8.71330778946958,1.50166544082797,5.03809983281799
254,1997,15,Estado de México,151,49,0,200,6157236,6287710,12444946,2.45239909595799,0.779298027421748,1.60707808615642
255,1997,16,Michoacán,109,29,0,138,1963372,2063931,4027303,5.55167334565228,1.40508573203271,3.42661081125508
256,1997,17,Morelos,29,13,0,42,741132,771352,1512484,3.91293318868973,1.68535247202315,2.77688887948567
257,1997,18,Nayarit,27,4,0,31,463326,460412,923738,5.82743036220717,0.868787086348749,3.3559299281831
258,1997,19,Nuevo León,89,12,0,101,1869263,1855578,3724841,4.76123477541684,0.646698764482011,2.71152513624071
259,1997,20,Oaxaca,61,13,0,74,1660880,1725807,3386687,3.67275179422957,0.75327078868031,2.18502625131877
260,1997,21,Puebla,77,23,0,100,2412349,2523233,4935582,3.19190962833321,0.911528978893348,2.02610350714465
261,1997,22,Querétaro,44,2,0,46,657465,677214,1334679,6.69237145703574,0.29532762169713,3.44652159807714
262,1997,23,Quintana Roo,47,9,0,56,402959,377660,780619,11.6637176486938,2.38309590637081,7.17379413004295
263,1997,24,San Luis Potosí,84,13,0,97,1134880,1157768,2292648,7.40166361201184,1.12285017378266,4.23091551777682
264,1997,25,Sinaloa,69,11,0,80,1265493,1249577,2515070,5.45242051911785,0.880297892806926,3.18082598098661
265,1997,26,Sonora,101,9,0,110,1099501,1077153,2176654,9.18598527877646,0.835535898799892,5.05362818344119
266,1997,27,Tabasco,133,16,0,149,920398,919599,1839997,14.4502704264894,1.73988879935711,8.09783928995536
267,1997,28,Tamaulipas,110,13,0,123,1326626,1334608,2661234,8.29171145447172,0.974068790236534,4.62191599836767
268,1997,29,Tlaxcala,10,3,0,13,463528,474645,938173,2.15736697675221,0.632051322567393,1.38567193897074
269,1997,30,Veracruz,196,40,0,236,3428047,3516500,6944547,5.71754121224126,1.13749466799374,3.39834981316996
270,1997,31,Yucatán,70,12,0,82,813017,817035,1630052,8.60990606592482,1.46872533000422,5.03051436395894
271,1997,32,Zacatecas,25,11,0,36,676503,701406,1377909,3.69547511245331,1.56827857189702,2.61265439154545
272,1997,33,Extranjero,19,3,1,23,,,,,,
273,1998,0,Nacional,2827,514,1,3342,47778268,49020915,96799183,5.91691603387549,1.04853203984463,3.45250847829986
274,1998,1,Aguascalientes,17,3,0,20,455788,475217,931005,3.72980420721915,0.631290547265776,2.14821617499369
275,1998,2,Baja California,94,7,0,101,1190794,1155052,2345846,7.89389264641911,0.606033321443537,4.30548296861772
276,1998,3,Baja California Sur,30,3,0,33,211247,200405,411652,14.2013851084276,1.49696863850702,8.01647993936626
277,1998,4,Campeche,49,10,0,59,343626,338286,681912,14.2596893133814,2.95607858439309,8.65214279848426
278,1998,5,Coahuila,72,13,0,85,1144230,1143791,2288021,6.29244120500249,1.13657127919349,3.71500086756197
279,1998,6,Colima,20,5,0,25,262976,264176,527152,7.605256753468,1.89267760886682,4.74246517133578
280,1998,7,Chiapas,75,15,0,90,1923736,1921117,3844853,3.89866384992535,0.780795755802484,2.34079170256964
281,1998,8,Chihuahua,183,27,0,210,1499827,1490210,2990037,12.2014072289671,1.81182517900162,7.02332446053343
282,1998,9,Ciudad de México,284,83,0,367,4183690,4490970,8674660,6.78826586099831,1.84815307160814,4.23071336513477
283,1998,10,Durango,44,6,0,50,730351,742972,1473323,6.02450054836647,0.807567445341143,3.39368896026194
284,1998,11,Guanajuato,132,29,0,161,2259794,2396414,4656208,5.84124039624851,1.21014148640427,3.45774931016827
285,1998,12,Guerrero,57,12,0,69,1511652,1567516,3079168,3.77070913146677,0.765542425085294,2.24086506484869
286,1998,13,Hidalgo,32,13,0,45,1101305,1139339,2240644,2.90564375899501,1.14101246424462,2.00835117046706
287,1998,14,Jalisco,276,37,0,313,3107440,3229177,6336617,8.88190922431326,1.14580278504399,4.93954423945774
288,1998,15,Estado de México,186,60,0,246,6301658,6447861,12749519,2.95160416512607,0.93054115155398,1.92948455545656
289,1998,16,Michoacán,101,17,0,118,1967788,2077763,4045551,5.13266673035917,0.818187637377314,2.91678438857896
290,1998,17,Morelos,30,12,0,42,750727,784679,1535406,3.99612642145547,1.52928777245217,2.73543284316982
291,1998,18,Nayarit,14,5,0,19,465141,463164,928305,3.00984002700256,1.07953122436113,2.0467411034089
292,1998,19,Nuevo León,117,13,0,130,1900830,1885642,3786472,6.15520588374552,0.689420367174681,3.43327509090256
293,1998,20,Oaxaca,55,10,0,65,1680802,1755604,3436406,3.27224741522202,0.569604534963466,1.89151107290582
294,1998,21,Puebla,71,29,0,100,2456276,2576849,5033125,2.89055464451063,1.12540548553679,1.98683720352664
295,1998,22,Querétaro,28,6,0,34,673573,697103,1370676,4.15693621923682,0.860704946040972,2.48052785632783
296,1998,23,Quintana Roo,27,8,0,35,423694,396809,820503,6.37252356653623,2.01608330456214,4.26567605481028
297,1998,24,San Luis Potosí,71,7,0,78,1143220,1170888,2314108,6.21052815731006,0.597836855446465,3.37062920140287
298,1998,25,Sinaloa,69,10,0,79,1277428,1261834,2539262,5.40147859605395,0.792497269846905,3.11114016592222
299,1998,26,Sonora,111,10,0,121,1114309,1091145,2205454,9.96133029527716,0.916468480357789,5.48639871881254
300,1998,27,Tabasco,124,19,0,143,935807,937100,1872907,13.2505954753491,2.02753174687867,7.63518957428212
301,1998,28,Tamaulipas,117,14,0,131,1351215,1359558,2710773,8.65887368035435,1.02974643229638,4.832569897959
302,1998,29,Tlaxcala,21,6,0,27,472221,484424,956645,4.44707033359381,1.23858438062524,2.82236357269416
303,1998,30,Veracruz,185,15,0,200,3437336,3543010,6980346,5.38207495572152,0.423368830457718,2.86518748497567
304,1998,31,Yucatán,70,6,0,76,824123,828920,1653043,8.49387773427025,0.723833421801863,4.59758155111513
305,1998,32,Zacatecas,35,4,0,39,675664,703920,1379584,5.18008951194677,0.568246391635413,2.82693913527556
306,1998,33,Extranjero,30,0,1,31,,,,,,
307,1999,0,Nacional,2830,509,0,3339,48353617,49731798,98085415,5.85271625078223,1.02349004152233,3.40417584000639
308,1999,1,Aguascalientes,30,4,0,34,463566,485233,948799,6.47157039127115,0.824346241908527,3.58347763857255
309,1999,2,Baja California,94,8,0,102,1230106,1191536,2421642,7.64161787683338,0.671402290824616,4.21201812654389
310,1999,3,Baja California Sur,16,0,0,16,217246,205501,422747,7.36492271434227,0,3.78476961397715
311,1999,4,Campeche,40,5,0,45,348533,343799,692332,11.476675092459,1.45433814525348,6.49977178579063
312,1999,5,Coahuila,70,14,0,84,1157413,1156253,2313666,6.04797077620521,1.21080766925578,3.63060182411809
313,1999,6,Colima,20,2,0,22,267757,269392,537149,7.46945924849771,0.74241254380234,4.09569784175341
314,1999,7,Chiapas,79,14,0,93,1958071,1960249,3918320,4.0345830156312,0.714194982372137,2.373466179383
315,1999,8,Chihuahua,178,34,0,212,1526940,1515154,3042094,11.6573015311669,2.24399631984604,6.96888393323809
316,1999,9,Ciudad de México,252,62,0,314,4186251,4496378,8682629,6.01970593736496,1.37888762910947,3.61641617993813
317,1999,10,Durango,30,8,0,38,728909,744220,1473129,4.11574009924421,1.07495095536266,2.57954327149897
318,1999,11,Guanajuato,125,28,0,153,2280187,2428768,4708955,5.48200651964071,1.15284786360822,3.24912852214557
319,1999,12,Guerrero,52,15,0,67,1524835,1588947,3113782,3.41020503857794,0.944021417957931,2.15172417336859
320,1999,13,Hidalgo,37,12,0,49,1110230,1156682,2266912,3.33264278572908,1.03745022400279,2.16153075196567
321,1999,14,Jalisco,282,38,0,320,3135878,3260280,6396158,8.992696782209,1.16554406370005,5.00300336545783
322,1999,15,Estado de México,187,40,0,227,6442320,6608418,13050738,2.90268102174372,0.605288587979756,1.73936523742948
323,1999,16,Michoacán,93,25,0,118,1969617,2090263,4059880,4.72173016378311,1.19602174463213,2.90648984699055
324,1999,17,Morelos,34,7,0,41,759195,797378,1556573,4.47842780840232,0.877877242662827,2.63399146715252
325,1999,18,Nayarit,24,5,0,29,466405,465639,932044,5.14574243415058,1.07379321749252,3.11144109076396
326,1999,19,Nuevo León,112,17,0,129,1930019,1914425,3844444,5.80305167980212,0.887995089909503,3.35549171739789
327,1999,20,Oaxaca,50,18,0,68,1699347,1785221,3484568,2.94230666250036,1.00827852686026,1.95146141501615
328,1999,21,Puebla,100,23,0,123,2497516,2629426,5126942,4.00397835289143,0.874715622344953,2.39909092008453
329,1999,22,Querétaro,33,3,0,36,689350,717154,1406504,4.78711829984768,0.418320193431257,2.55953769061446
330,1999,23,Quintana Roo,42,10,0,52,444296,416095,860391,9.45315735455642,2.40329732392843,6.04376382365692
331,1999,24,San Luis Potosí,78,13,0,91,1149972,1183189,2333161,6.78277384145005,1.09872556286443,3.90028806413274
332,1999,25,Sinaloa,66,6,0,72,1287490,1272980,2560470,5.12625340779346,0.4713349777687,2.81198373736072
333,1999,26,Sonora,124,7,0,131,1127565,1104218,2231783,10.9971487231335,0.633932792256602,5.86974629701902
334,1999,27,Tabasco,136,23,0,159,950369,954358,1904727,14.3102310786652,2.409997087047,8.34765297074069
335,1999,28,Tamaulipas,114,15,0,129,1374228,1383748,2757976,8.29556667452563,1.08401240688333,4.67734309508132
336,1999,29,Tlaxcala,16,3,0,19,480411,493997,974408,3.33048160845609,0.607291137395571,1.94990188914705
337,1999,30,Veracruz,167,33,0,200,3441348,3566536,7007884,4.85274956209021,0.925267542511838,2.85392851822319
338,1999,31,Yucatán,88,11,0,99,834349,840417,1674766,10.547145139504,1.30887404705045,5.91127357493525
339,1999,32,Zacatecas,36,5,0,41,673898,705944,1379842,5.34205473231854,0.708271477624288,2.97135469133423
340,1999,33,Extranjero,25,1,0,26,,,,,,
341,2000,0,Nacional,2937,538,0,3475,48933194,50435664,99368858,6.00206068706653,1.06670549633291,3.497071486924
342,2000,1,Aguascalientes,23,7,0,30,472780,496053,968833,4.86484199839249,1.41113953549318,3.09650889265746
343,2000,2,Baja California,86,6,0,92,1268049,1227906,2495955,6.78207230162241,0.488636752324689,3.68596388957333
344,2000,3,Baja California Sur,30,2,0,32,224278,211818,436096,13.3762562533998,0.944206819061647,7.33783387144115
345,2000,4,Campeche,52,8,0,60,353990,350093,704083,14.6896804994491,2.2851071001134,8.52172258100253
346,2000,5,Coahuila,90,9,0,99,1173515,1172390,2345905,7.66926711631296,0.767662637859415,4.22011974056921
347,2000,6,Colima,30,5,0,35,271718,273784,545502,11.0408585371599,1.82625719545335,6.41610846523019
348,2000,7,Chiapas,67,11,0,78,1993991,2002049,3996040,3.36009540664928,0.549437101689319,1.95193241308896
349,2000,8,Chihuahua,202,31,0,233,1550638,1538558,3089196,13.0268960260228,2.01487366742105,7.5424155670278
350,2000,9,Ciudad de México,282,43,0,325,4196353,4509734,8706087,6.72012101937087,0.953493044157372,3.73302035690661
351,2000,10,Durango,35,12,0,47,731124,748379,1479503,4.78714964903354,1.60346562370136,3.17674246013695
352,2000,11,Guanajuato,151,29,0,180,2301646,2460745,4762391,6.56052233923027,1.1785048836836,3.77961406360796
353,2000,12,Guerrero,48,21,0,69,1535530,1606280,3141810,3.12595651013005,1.30736857833005,2.19618627479065
354,2000,13,Hidalgo,51,10,0,61,1119202,1172525,2291727,4.55681816151151,0.852860280164602,2.66174810524988
355,2000,14,Jalisco,234,58,0,292,3170004,3297802,6467806,7.38169415559097,1.7587471897949,4.51466849809657
356,2000,15,Estado de México,162,48,0,210,6564326,6747321,13311647,2.4678847455169,0.711393455269136,1.57756587145077
357,2000,16,Michoacán,107,39,0,146,1970533,2099596,4070129,5.43000294844085,1.8575002048013,3.58710989258571
358,2000,17,Morelos,26,7,0,33,766243,807830,1574073,3.39317944829512,0.866518945817808,2.09647201876914
359,2000,18,Nayarit,19,5,0,24,468671,468945,937616,4.05401657025931,1.06622311784964,2.55968328185526
360,2000,19,Nuevo León,126,18,0,144,1962825,1947402,3910227,6.41931909365328,0.924308386249988,3.68265064918226
361,2000,20,Oaxaca,64,14,0,78,1713709,1808875,3522584,3.73458971155546,0.773961716536521,2.21428360544419
362,2000,21,Puebla,77,27,0,104,2533045,2675378,5208423,3.03981966368541,1.00920318549379,1.99676562368302
363,2000,22,Querétaro,35,9,0,44,705994,737147,1443141,4.95754921429927,1.22092337077951,3.04890513123804
364,2000,23,Quintana Roo,49,6,0,55,464940,436159,901099,10.5389942788317,1.37564512024285,6.1036578666717
365,2000,24,San Luis Potosí,98,11,0,109,1158297,1196265,2354562,8.46069704056904,0.919528699744622,4.62931109904942
366,2000,25,Sinaloa,65,8,0,73,1296351,1283656,2580007,5.01407412035784,0.62321992808042,2.82944968753961
367,2000,26,Sonora,119,12,0,131,1142669,1119575,2262244,10.4142144400522,1.07183529464306,5.79071046270871
368,2000,27,Tabasco,137,30,0,167,963048,969642,1932690,14.2256668411128,3.09392538689537,8.6408063372812
369,2000,28,Tamaulipas,126,10,0,136,1398284,1409081,2807365,9.01104496654471,0.70968241002469,4.84440035406867
370,2000,29,Tlaxcala,12,0,0,12,489069,504310,993379,2.45364151070708,0,1.20799815578948
371,2000,30,Veracruz,194,22,0,216,3451802,3593928,7045730,5.62025284184898,0.612143593305152,3.06568659315642
372,2000,31,Yucatán,91,15,0,106,846565,853760,1700325,10.7493222611377,1.75693403298351,6.2341023039713
373,2000,32,Zacatecas,35,3,0,38,674005,708678,1382683,5.19283981572837,0.423323427565128,2.74827997451332
374,2000,33,Extranjero,14,2,0,16,,,,,,
375,2001,0,Nacional,3133,678,0,3811,49576541,51162722,100739263,6.31952116223679,1.32518359754198,3.78303343354815
376,2001,1,Aguascalientes,41,5,0,46,484268,508193,992461,8.46638638109477,0.983878172269197,4.63494283402572
377,2001,2,Baja California,83,14,0,97,1306033,1264804,2570837,6.35512272660798,1.10689087004785,3.77309024259414
378,2001,3,Baja California Sur,21,2,0,23,232798,219686,452484,9.02069605408981,0.910390284314886,5.08305266042556
379,2001,4,Campeche,54,16,0,70,360575,357555,718130,14.976079872426,4.47483603921075,9.74753874646652
380,2001,5,Coahuila,115,18,0,133,1194644,1193710,2388354,9.62629871325684,1.50790392976519,5.56868872872279
381,2001,6,Colima,21,5,0,26,275153,277437,552590,7.63211740377172,1.8022109523964,4.70511590872075
382,2001,7,Chiapas,32,11,0,43,2034025,2048039,4082064,1.57323533388233,0.537099147037727,1.05338867788452
383,2001,8,Chihuahua,202,26,0,228,1572320,1561180,3133500,12.8472575557138,1.66540693577935,7.27620871230254
384,2001,9,Ciudad de México,305,72,0,377,4221831,4536836,8758667,7.22435360392209,1.58700909620714,4.30430795005678
385,2001,10,Durango,50,11,0,61,738514,756459,1494973,6.77035235621803,1.4541435821373,4.08034125031021
386,2001,11,Guanajuato,132,36,0,168,2327019,2493628,4820647,5.67249343473345,1.44367965069369,3.48500937737196
387,2001,12,Guerrero,59,17,0,76,1544763,1619457,3164220,3.81935610834801,1.04973457152614,2.40185574960022
388,2001,13,Hidalgo,51,14,0,65,1129653,1187496,2317149,4.51466069669182,1.17895133962557,2.80517135497113
389,2001,14,Jalisco,248,42,0,290,3214289,3344750,6559039,7.71554766855127,1.25569923013678,4.42137941244137
390,2001,15,Estado de México,205,69,0,274,6669403,6862200,13531603,3.07373838408025,1.00550843752732,2.02488943845012
391,2001,16,Michoacán,127,40,0,167,1972728,2106562,4079290,6.43778564505598,1.89882851774598,4.09384966501524
392,2001,17,Morelos,34,11,0,45,772874,816440,1589314,4.3991646762603,1.34731272353143,2.83141028141701
393,2001,18,Nayarit,33,7,0,40,472652,473491,946143,6.98188096104534,1.47838079287674,4.22769074019466
394,2001,19,Nuevo León,109,19,0,128,2002502,1986659,3989161,5.44319056859868,0.956379529652547,3.20869476062761
395,2001,20,Oaxaca,74,17,0,91,1724751,1826296,3551047,4.2904743931153,0.930845821268841,2.56262448793271
396,2001,21,Puebla,107,32,0,139,2564991,2715338,5280329,4.17155459804732,1.17849048626727,2.63241173040544
397,2001,22,Querétaro,47,13,0,60,724415,757387,1481802,6.4879937604826,1.71642766511704,4.04912397202865
398,2001,23,Quintana Roo,44,5,0,49,486166,457363,943529,9.05040665122612,1.09322354453683,5.19326909930696
399,2001,24,San Luis Potosí,91,24,0,115,1169959,1211138,2381097,7.77805034193506,1.98160738082696,4.82970664361847
400,2001,25,Sinaloa,75,7,0,82,1305803,1294971,2600774,5.74359225702499,0.54055264558048,3.15290755751942
401,2001,26,Sonora,150,20,0,170,1161653,1138593,2300246,12.9126339793381,1.75655392225317,7.39051388416717
402,2001,27,Tabasco,147,20,0,167,974702,983247,1957949,15.0815326120189,2.03407689014052,8.52933350153656
403,2001,28,Tamaulipas,113,16,0,129,1425712,1436884,2862596,7.92586441020346,1.11352064606468,4.50639908670312
404,2001,29,Tlaxcala,20,5,0,25,498817,515800,1014617,4.0094864449287,0.969367972082202,2.46398394665179
405,2001,30,Veracruz,185,45,0,230,3474280,3628642,7102922,5.32484428428336,1.24013336118581,3.23810398030557
406,2001,31,Yucatán,92,24,0,116,862146,869838,1731984,10.6710464352905,2.75913445952005,6.69752145516356
407,2001,32,Zacatecas,43,11,0,54,677102,712643,1389745,6.35059414977359,1.54354985595873,3.88560491313155
408,2001,33,Extranjero,23,4,0,27,,,,,,
409,2002,0,Nacional,3211,660,0,3871,50256500,51910774,102167274,6.38922328455026,1.27141236614966,3.78888449152514
410,2002,1,Aguascalientes,37,7,0,44,496506,520891,1017397,7.45207510080442,1.34385120879416,4.32476211351125
411,2002,2,Baja California,88,17,0,105,1345202,1302474,2647676,6.54176844815872,1.30520839571462,3.96574203188003
412,2002,3,Baja California Sur,35,4,0,39,241795,227996,469791,14.4750718583924,1.75441674415341,8.30156388691993
413,2002,4,Campeche,60,10,0,70,367685,365478,733163,16.318315949794,2.73614280476527,9.54767220931771
414,2002,5,Coahuila,108,18,0,126,1217271,1216223,2433494,8.87230534531752,1.47999174493493,5.17774031906387
415,2002,6,Colima,31,2,0,33,278767,281171,559938,11.1203980385053,0.7113109104424,5.89350963856713
416,2002,7,Chiapas,54,11,0,65,2076146,2095765,4171911,2.60097314928719,0.524868007624901,1.55803898980587
417,2002,8,Chihuahua,186,28,0,214,1594681,1584204,3178885,11.6637747612218,1.76744914165095,6.73192015439376
418,2002,9,Ciudad de México,260,59,0,319,4252224,4567485,8819709,6.11444740446411,1.29173932700381,3.6168993784262
419,2002,10,Durango,72,12,0,84,747116,765403,1512519,9.63705769920601,1.56780153722941,5.55364924341446
420,2002,11,Guanajuato,161,42,0,203,2353629,2526907,4880536,6.84050035073497,1.66211103139134,4.15937921572549
421,2002,12,Guerrero,56,19,0,75,1553887,1631938,3185825,3.60386566075912,1.16425991673703,2.35417827407343
422,2002,13,Hidalgo,42,6,0,48,1140831,1202844,2343675,3.68152688697975,0.498817801809711,2.04806553809722
423,2002,14,Jalisco,265,56,0,321,3261434,3393774,6655208,8.12526023828782,1.65008041195436,4.82329027131834
424,2002,15,Estado de México,241,69,0,310,6774890,6975311,13750201,3.55725332809832,0.989203205419801,2.25451249767185
425,2002,16,Michoacán,126,28,0,154,1975830,2113535,4089365,6.37706685291751,1.32479471596165,3.76586584958789
426,2002,17,Morelos,22,9,0,31,780120,825350,1605470,2.82007896221094,1.09044647725207,1.93089873993285
427,2002,18,Nayarit,32,5,0,37,477148,478355,955503,6.70651454056184,1.04524882148195,3.87230600008582
428,2002,19,Nuevo León,117,21,0,138,2044555,2027599,4072154,5.72251663564932,1.03570775089157,3.38886987083494
429,2002,20,Oaxaca,76,15,0,91,1735679,1843034,3578713,4.37868983838601,0.813875381571908,2.54281357571842
430,2002,21,Puebla,106,32,0,138,2598165,2755831,5353996,4.07980247597824,1.16117425197699,2.5775140661293
431,2002,22,Querétaro,34,5,0,39,743622,778078,1521700,4.57221545355033,0.642609095746185,2.56292304659263
432,2002,23,Quintana Roo,40,10,0,50,508118,479258,987376,7.87218716912213,2.08655880548682,5.06392701463272
433,2002,24,San Luis Potosí,105,17,0,122,1182750,1226765,2409515,8.87761572606214,1.38575847860022,5.06325961863695
434,2002,25,Sinaloa,75,18,0,93,1316161,1306873,2623034,5.69839100231659,1.37733352820052,3.54551256293285
435,2002,26,Sonora,143,17,0,160,1182019,1158645,2340664,12.0979442800835,1.46723111910896,6.83566714402409
436,2002,27,Tabasco,153,25,0,178,986923,997144,1984067,15.5027291896126,2.5071604502459,8.97147122551809
437,2002,28,Tamaulipas,99,12,0,111,1455026,1465946,2920972,6.80400212779703,0.818584040612683,3.80010489658922
438,2002,29,Tlaxcala,21,8,0,29,509049,527708,1036757,4.12533960384953,1.51598990350724,2.79718391098396
439,2002,30,Veracruz,183,43,0,226,3499801,3665366,7165167,5.22886872710763,1.1731434186927,3.15414839598296
440,2002,31,Yucatán,108,22,0,130,878672,886586,1765258,12.2912759254876,2.48142876156402,7.36436260308691
441,2002,32,Zacatecas,53,10,0,63,680798,716837,1397635,7.78498174201452,1.39501727728898,4.50761464903211
442,2002,33,Extranjero,22,3,0,25,,,,,,
443,2003,0,Nacional,3405,698,1,4104,50919820,52668079,103587899,6.68698357535435,1.32528091635922,3.96185272567407
444,2003,1,Aguascalientes,53,11,0,64,508743,533840,1042583,10.417833758892,2.06054248463959,6.13859999635521
445,2003,2,Baja California,109,19,0,128,1384258,1340717,2724975,7.87425465484036,1.41715216559498,4.69729080083304
446,2003,3,Baja California Sur,31,3,0,34,250869,236488,487357,12.3570469049584,1.26856330976625,6.97640538660571
447,2003,4,Campeche,42,4,0,46,374828,373635,748463,11.2051394239491,1.07056351787172,6.14592838924569
448,2003,5,Coahuila,126,16,0,142,1239577,1239005,2478582,10.1647578165778,1.29135879193385,5.72908219296356
449,2003,6,Colima,21,8,0,29,282355,284997,567352,7.4374457686246,2.80704709172377,5.11146519268461
450,2003,7,Chiapas,47,6,0,53,2117763,2144203,4261966,2.21932293651367,0.279824251714973,1.24355755067028
451,2003,8,Chihuahua,185,34,0,219,1616438,1607420,3223858,11.4449177759988,2.1151908026527,6.79310317017685
452,2003,9,Ciudad de México,298,77,0,375,4280465,4597864,8878329,6.96186045207705,1.67469068245603,4.2237677833295
453,2003,10,Durango,64,9,1,74,755537,774552,1530089,8.47079626808482,1.16196201158863,4.83631997877248
454,2003,11,Guanajuato,162,25,0,187,2378818,2560063,4938881,6.81010485039209,0.976538467998639,3.78628276324131
455,2003,12,Guerrero,58,15,0,73,1561822,1644038,3205860,3.71361141026314,0.912387669871378,2.27708009707224
456,2003,13,Hidalgo,47,10,0,57,1151686,1218499,2370185,4.08097345977984,0.820681838885383,2.40487556878472
457,2003,14,Jalisco,256,56,0,312,3307355,3443157,6750512,7.7403242167835,1.62641436332993,4.62187164469895
458,2003,15,Estado de México,223,62,0,285,6878334,7089901,13968235,3.24206413936863,0.874483296734327,2.04034367978488
459,2003,16,Michoacán,105,34,0,139,1977924,2120478,4098402,5.30859628580269,1.60341206086552,3.39156578588435
460,2003,17,Morelos,35,7,0,42,787263,834560,1621823,4.44578241324691,0.838765337423313,2.58967840510339
461,2003,18,Nayarit,33,14,0,47,481523,483341,964864,6.85325519237918,2.8965057795635,4.87115282568321
462,2003,19,Nuevo León,176,28,0,204,2086234,2069136,4155370,8.43625403478229,1.35322182785472,4.90931012160169
463,2003,20,Oaxaca,80,31,0,111,1745364,1859521,3604885,4.58357110608446,1.66709598869816,3.0791550909391
464,2003,21,Puebla,118,36,0,154,2630785,2797214,5427999,4.48535323106981,1.28699484558564,2.83714127434438
465,2003,22,Querétaro,49,11,0,60,762677,799032,1561709,6.4247381263628,1.37666576557635,3.84194494620957
466,2003,23,Quintana Roo,58,9,0,67,530358,501732,1032090,10.9360092616685,1.79378632417306,6.49168192696373
467,2003,24,San Luis Potosí,93,19,0,112,1195204,1242687,2437891,7.78109845683247,1.5289449394739,4.59413484852276
468,2003,25,Sinaloa,107,8,0,115,1325991,1318909,2644900,8.06943636872347,0.606561938693269,4.34799047222957
469,2003,26,Sonora,153,23,0,176,1202109,1178983,2381092,12.7276311881868,1.95083389667196,7.39156655853701
470,2003,27,Tabasco,147,25,0,172,998907,1011312,2010219,14.7160846805558,2.47203632509058,8.55628167876236
471,2003,28,Tamaulipas,120,14,0,134,1484266,1495649,2979915,8.08480420625414,0.936048498009894,4.49677255894883
472,2003,29,Tlaxcala,21,8,0,29,519183,539831,1059014,4.04481656756866,1.48194527546584,2.73839628182441
473,2003,30,Veracruz,191,43,0,234,3523977,3702692,7226669,5.42001267318147,1.16131722541329,3.23800633459205
474,2003,31,Yucatán,135,25,0,160,895027,903607,1798634,15.0833438544312,2.76668950107735,8.89563969100995
475,2003,32,Zacatecas,47,8,0,55,684180,721016,1405196,6.86953725627759,1.10954541924174,3.91404473112648
476,2003,33,Extranjero,15,0,0,15,,,,,,
477,2004,0,Nacional,3435,678,4,4117,51543164,53427417,104970581,6.66431730888698,1.26901137668699,3.9220512650111
478,2004,1,Aguascalientes,53,11,0,64,520714,546979,1067693,10.1783320594415,2.0110461279135,5.99423242448906
479,2004,2,Baja California,97,12,0,109,1422643,1379411,2802054,6.81829524343071,0.869936516382717,3.89000354739773
480,2004,3,Baja California Sur,31,4,0,35,259882,245122,505004,11.9284906226672,1.63184047127553,6.93063817316298
481,2004,4,Campeche,57,10,0,67,381787,381920,763707,14.9297906948115,2.61834939254294,8.77299802149254
482,2004,5,Coahuila,115,9,0,124,1261054,1261952,2523006,9.1193557135539,0.713180849984786,4.91477229939207
483,2004,6,Colima,31,6,0,37,285791,288905,574696,10.8470875569909,2.07680725498001,6.43818644987959
484,2004,7,Chiapas,62,19,0,81,2157804,2192964,4350768,2.87329155011299,0.866407291683767,1.86174027206231
485,2004,8,Chihuahua,199,23,0,222,1636917,1630670,3267587,12.157000018938,1.41046318384468,6.79400426063637
486,2004,9,Ciudad de México,269,56,0,325,4304448,4627185,8931633,6.24934951008817,1.21023905463041,3.638752286396
487,2004,10,Durango,51,9,0,60,763353,783670,1547023,6.68105057555286,1.14844258425102,3.87841680440433
488,2004,11,Guanajuato,145,27,1,173,2401654,2592914,4994568,6.03750581890647,1.04129948004446,3.46376303215814
489,2004,12,Guerrero,58,24,0,82,1567924,1655585,3223509,3.69915888780324,1.44963864736634,2.54381172815091
490,2004,13,Hidalgo,36,9,0,45,1161703,1234319,2396022,3.0988987718892,0.729147003327341,1.87811297225151
491,2004,14,Jalisco,293,63,1,357,3350899,3492870,6843769,8.74392215342808,1.80367434230303,5.21642387403783
492,2004,15,Estado de México,215,77,0,292,6976230,7204677,14180907,3.08189380223989,1.06875020212565,2.05910665657704
493,2004,16,Michoacán,122,30,0,152,1978225,2127187,4105412,6.16714478888903,1.41031324467477,3.70242986574795
494,2004,17,Morelos,27,12,0,39,793874,843880,1637754,3.40104349052872,1.42200312840688,2.38131001359178
495,2004,18,Nayarit,31,7,0,38,485512,488324,973836,6.3850121109262,1.43347449644089,3.90209439782469
496,2004,19,Nuevo León,182,31,0,213,2126535,2110967,4237502,8.55852360765283,1.46852129853285,5.02654630015514
497,2004,20,Oaxaca,96,11,2,109,1753083,1875522,3628605,5.47606702021524,0.586503384124526,3.00390921580056
498,2004,21,Puebla,136,37,0,173,2661527,2838962,5500489,5.1098485944347,1.30329324591171,3.14517491081247
499,2004,22,Querétaro,57,11,0,68,781263,820180,1601443,7.29587859658015,1.34116901168036,4.24617048499385
500,2004,23,Quintana Roo,50,14,0,64,552669,524747,1077416,9.04700643604038,2.66795236561619,5.94013825671793
501,2004,24,San Luis Potosí,122,12,0,134,1206706,1258674,2465380,10.1101676796171,0.953384275833139,5.43526758552434
502,2004,25,Sinaloa,77,11,0,88,1334737,1330926,2665663,5.76892676235094,0.826492231724379,3.30124250514788
503,2004,26,Sonora,140,11,0,151,1221358,1199453,2420811,11.4626505905721,0.917084704444443,6.23757905924915
504,2004,27,Tabasco,155,25,0,180,1010074,1025492,2035566,15.3454103362724,2.4378542202182,8.84274938763961
505,2004,28,Tamaulipas,134,22,0,156,1512669,1525712,3038381,8.858514321375,1.44194972576738,5.13431330698816
506,2004,29,Tlaxcala,12,8,0,20,528950,552055,1081005,2.26864542962473,1.44913097426887,1.85013020291303
507,2004,30,Veracruz,207,48,0,255,3545408,3740290,7285698,5.83853818798852,1.28332295089418,3.5000078235469
508,2004,31,Yucatán,117,22,0,139,910834,920796,1831630,12.8453702870117,2.38923713830208,7.58886893095221
509,2004,32,Zacatecas,42,7,0,49,686937,725107,1412044,6.11409779936151,0.965374765379454,3.47014682262026
510,2004,33,Extranjero,16,0,0,16,,,,,,
511,2005,0,Nacional,3578,736,0,4314,52152554,54218394,106370948,6.86064195437102,1.35747289010442,4.05561864504583
512,2005,1,Aguascalientes,44,14,0,58,532248,560097,1092345,8.26682298477402,2.4995670392807,5.30967780325813
513,2005,2,Baja California,94,11,0,105,1459405,1417871,2877276,6.44098108475714,0.775811057564475,3.64928494868063
514,2005,3,Baja California Sur,36,3,0,39,269194,254311,523505,13.3732549759653,1.17965797783029,7.4497855798894
515,2005,4,Campeche,51,10,0,61,388449,390231,778680,13.1291366434204,2.56258472545749,7.8337699696923
516,2005,5,Coahuila,128,13,0,141,1281785,1285382,2567167,9.98607410759215,1.01137249471363,5.49243582517226
517,2005,6,Colima,18,4,0,22,289600,293406,583006,6.21546961325967,1.36329863738301,3.77354606985177
518,2005,7,Chiapas,111,27,0,138,2197301,2243228,4440529,5.05165200398125,1.20362263666466,3.10773783934302
519,2005,8,Chihuahua,216,40,0,256,1655614,1653865,3309479,13.0465192973725,2.41857709063315,7.73535653194959
520,2005,9,Ciudad de México,275,78,0,353,4322404,4654786,8977190,6.3622002940956,1.67569465062411,3.93218813459446
521,2005,10,Durango,47,9,0,56,770982,793289,1564271,6.09612156963457,1.13451718100213,3.57994235014265
522,2005,11,Guanajuato,172,48,0,220,2426068,2628640,5054708,7.08966113068554,1.82603932071337,4.35237802064926
523,2005,12,Guerrero,71,14,0,85,1574603,1668769,3243372,4.50907308064318,0.838941758865367,2.62072929038051
524,2005,13,Hidalgo,25,14,0,39,1173129,1252553,2425682,2.13105293620736,1.11771717444292,1.60779525098508
525,2005,14,Jalisco,310,56,0,366,3394058,3544694,6938752,9.13360938440062,1.5798260724339,5.27472375435813
526,2005,15,Estado de México,195,58,0,253,7070470,7323157,14393627,2.75794961296774,0.792008146213443,1.7577223586522
527,2005,16,Michoacán,136,44,0,180,1981296,2137780,4119076,6.86419394174318,2.05820991870071,4.36991208707972
528,2005,17,Morelos,33,9,0,42,801006,854355,1655361,4.11981932719605,1.05342626893973,2.5372109165312
529,2005,18,Nayarit,35,6,0,41,490286,494409,984695,7.1386904786186,1.21357014132024,4.16372582373222
530,2005,19,Nuevo León,198,40,0,238,2165199,2153177,4318376,9.14465598774062,1.85772001094197,5.51133111151044
531,2005,20,Oaxaca,103,19,0,122,1761243,1893594,3654837,5.84814247664859,1.0033829849482,3.33804216166138
532,2005,21,Puebla,150,38,0,188,2690416,2881370,5571786,5.57534596880185,1.31881709048126,3.37414251013948
533,2005,22,Querétaro,52,15,0,67,799738,841970,1641708,6.50212944739402,1.78153615924558,4.08111552115236
534,2005,23,Quintana Roo,62,7,0,69,575038,548363,1123401,10.7818961529499,1.27652668031942,6.14206325256965
535,2005,24,San Luis Potosí,87,19,0,106,1217609,1274947,2492556,7.14515086534347,1.49025802641208,4.2526627285405
536,2005,25,Sinaloa,91,15,0,106,1343223,1343815,2687038,6.7747499856688,1.11622507562425,3.94486419618926
537,2005,26,Sonora,152,15,0,167,1240398,1220741,2461139,12.254131335265,1.22876187495955,6.78547615555237
538,2005,27,Tabasco,163,26,0,189,1021530,1041001,2062531,15.9564574706568,2.4975960637886,9.16349863347509
539,2005,28,Tamaulipas,140,11,0,151,1539365,1555542,3094907,9.09465916140746,0.707149019441455,4.87898343956701
540,2005,29,Tlaxcala,25,14,0,39,538229,564288,1102517,4.64486306014726,2.48100260859703,3.53736042165336
541,2005,30,Veracruz,172,34,0,206,3566885,3780687,7347572,4.82213471979052,0.899307453909832,2.80364724564795
542,2005,31,Yucatán,117,16,0,133,925597,937940,1863537,12.6404904078125,1.70586604686867,7.13696588798613
543,2005,32,Zacatecas,62,8,0,70,690186,730136,1420322,8.98308571892215,1.09568628310342,4.92845988444874
544,2005,33,Extranjero,7,1,0,8,,,,,,
545,2006,0,Nacional,3563,713,1,4277,52807568,55078078,107885646,6.74713897068693,1.29452592735716,3.96438280584611
546,2006,1,Aguascalientes,51,11,0,62,542851,572455,1115306,9.39484315217251,1.92154841865299,5.55901250419168
547,2006,2,Baja California,96,13,0,109,1490731,1452919,2943650,6.43979363144659,0.894750498823403,3.70288587298082
548,2006,3,Baja California Sur,43,4,0,47,279956,265344,545300,15.359556501736,1.50747708634829,8.61910874747845
549,2006,4,Campeche,51,8,0,59,394051,397570,791621,12.9424871399895,2.01222426239404,7.45306150291617
550,2006,5,Coahuila,127,15,0,142,1301672,1309708,2611380,9.75668217492579,1.14529345472426,5.43773790103317
551,2006,6,Colima,27,3,0,30,295469,300010,595479,9.13801447867627,0.999966667777741,5.03796103640934
552,2006,7,Chiapas,107,18,1,126,2237881,2295891,4533772,4.78130874697984,0.784009345391397,2.77914284176619
553,2006,8,Chihuahua,215,38,0,253,1669292,1674064,3343356,12.87971187785,2.26992516415143,7.5672468023148
554,2006,9,Ciudad de México,262,67,0,329,4326439,4675302,9001741,6.05578860582572,1.43306250590871,3.65484854540916
555,2006,10,Durango,49,9,0,58,779629,804031,1583660,6.28504070525853,1.11935982567836,3.66240228331839
556,2006,11,Guanajuato,150,37,0,187,2464600,2675375,5139975,6.08618031323541,1.38298369387469,3.6381499910019
557,2006,12,Guerrero,47,11,0,58,1589099,1688373,3277472,2.95765084491275,0.651514801527862,1.76965661338983
558,2006,13,Hidalgo,43,9,0,52,1192891,1278471,2471362,3.60468810645734,0.703965909277567,2.10410291976651
559,2006,14,Jalisco,264,66,0,330,3441607,3600006,7041613,7.67083516508422,1.83333027778287,4.68642624921307
560,2006,15,Estado de México,265,75,0,340,7162188,7448445,14610633,3.69998665212363,1.00692157893359,2.3270723451886
561,2006,16,Michoacán,128,24,0,152,2000632,2161793,4162425,6.39797823887652,1.11018955098846,3.65171744836243
562,2006,17,Morelos,24,8,0,32,811919,868520,1680439,2.95595989255086,0.921107170819325,1.90426430236385
563,2006,18,Nayarit,42,9,0,51,499039,504141,1003180,8.4161758900607,1.78521485060727,5.08383340975697
564,2006,19,Nuevo León,191,31,0,222,2202237,2196832,4399069,8.67299931842032,1.4111229261045,5.046522343705
565,2006,20,Oaxaca,97,28,0,125,1775394,1917781,3693175,5.46357597243204,1.46002072186553,3.38462163314763
566,2006,21,Puebla,137,42,0,179,2717695,2923489,5641184,5.04103661374805,1.43663957688912,3.17309274081469
567,2006,22,Querétaro,47,12,0,59,818737,864660,1683397,5.74054916291801,1.38782874193325,3.50481793658893
568,2006,23,Quintana Roo,88,14,0,102,596099,571098,1167197,14.7626484862414,2.45141814539711,8.73888469555696
569,2006,24,San Luis Potosí,106,24,0,130,1229120,1291040,2520160,8.62405623535538,1.85896641467344,5.15840264110215
570,2006,25,Sinaloa,69,13,0,82,1352809,1358421,2711230,5.10049829650749,0.956993450484055,3.02445753403437
571,2006,26,Sonora,141,18,0,159,1261064,1244050,2505114,11.1810344280703,1.44688718299104,6.34701654295972
572,2006,27,Tabasco,164,19,0,183,1036875,1061346,2098221,15.8167570825799,1.79017963981586,8.72167421830208
573,2006,28,Tamaulipas,141,18,0,159,1560725,1582510,3143235,9.03426292268016,1.13743357071993,5.05848274150676
574,2006,29,Tlaxcala,25,8,0,33,546292,575625,1121917,4.57630717638186,1.38979370249729,2.94139406034493
575,2006,30,Veracruz,191,37,0,228,3596569,3827325,7423894,5.31061686846547,0.966732639637345,3.07116453979542
576,2006,31,Yucatán,131,20,0,151,936951,953195,1890146,13.9815209119794,2.0982065579446,7.98880086511836
577,2006,32,Zacatecas,34,4,0,38,697055,738288,1435343,4.87766388592005,0.541793988253906,2.64745081837582
578,2006,33,Extranjero,10,0,0,10,,,,,,
579,2007,0,Nacional,3620,773,1,4394,53532742,56005923,109538665,6.7622166635888,1.38021116088025,4.01136895360191
580,2007,1,Aguascalientes,44,10,0,54,553201,584503,1137704,7.95370941122666,1.71085520519142,4.74640152447385
581,2007,2,Baja California,73,11,0,84,1518869,1485972,3004841,4.80620777697089,0.740256209403677,2.79548901256339
582,2007,3,Baja California Sur,42,8,0,50,292083,278033,570116,14.3794743275028,2.8773562850453,8.7701450231181
583,2007,4,Campeche,50,11,0,61,398899,404063,802962,12.5345012145932,2.72234775270193,7.59687257927523
584,2007,5,Coahuila,116,12,0,128,1321879,1335366,2657245,8.77538715722089,0.898630038506297,4.81701913071621
585,2007,6,Colima,23,4,0,27,303230,308417,611647,7.58500148402203,1.29694536941868,4.41431086885082
586,2007,7,Chiapas,21,5,0,26,2280564,2350976,4631540,0.920824848590086,0.212677628355202,0.561368356961184
587,2007,8,Chihuahua,186,26,1,213,1679734,1691956,3371690,11.0731818252176,1.53668298702803,6.31730675121378
588,2007,9,Ciudad de México,261,56,0,317,4321299,4690608,9011907,6.03985051717088,1.1938750797338,3.51756847912434
589,2007,10,Durango,58,11,0,69,789545,815738,1605283,7.34600307772198,1.34847218101891,4.29830752583812
590,2007,11,Guanajuato,223,47,0,270,2516909,2732399,5249308,8.86007400347013,1.7201001757064,5.14353510977066
591,2007,12,Guerrero,45,15,0,60,1611017,1713493,3324510,2.79326661357391,0.875404801770419,1.80477724536849
592,2007,13,Hidalgo,22,6,0,28,1220207,1310838,2531045,1.80297277429158,0.457722464560838,1.10626243310569
593,2007,14,Jalisco,279,69,0,348,3495421,3659360,7154781,7.98187113941354,1.88557561978051,4.86388052967659
594,2007,15,Estado de México,356,102,0,458,7255353,7580213,14835566,4.90672197479571,1.34560862603729,3.08717577745264
595,2007,16,Michoacán,116,27,0,143,2034395,2196944,4231339,5.70194087185625,1.22897989206825,3.37954486747576
596,2007,17,Morelos,37,12,0,49,826350,885791,1712141,4.47752163127004,1.35472137332621,2.86191382602251
597,2007,18,Nayarit,31,9,0,40,511191,516807,1027998,6.06426951961204,1.74146248019086,3.89105815380964
598,2007,19,Nuevo León,193,35,0,228,2239905,2243035,4482940,8.61643685781317,1.56038581653875,5.08594806087077
599,2007,20,Oaxaca,111,24,0,135,1795091,1946758,3741849,6.18353052853588,1.2328188711694,3.6078420053829
600,2007,21,Puebla,115,45,0,160,2745463,2966041,5711504,4.18872882278872,1.51717390285569,2.80136370385103
601,2007,22,Querétaro,53,18,0,71,838738,888359,1727097,6.3190173808746,2.02620787316839,4.11094455030609
602,2007,23,Quintana Roo,150,41,0,191,616355,593165,1209520,24.3366241857371,6.91207336913001,15.7913883193333
603,2007,24,San Luis Potosí,99,21,0,120,1241918,1307207,2549125,7.97154079415871,1.60647854547903,4.70749767076938
604,2007,25,Sinaloa,85,10,0,95,1363910,1374489,2738399,6.23208276205908,0.727543108748051,3.46918034954
605,2007,26,Sonora,152,16,0,168,1283993,1269423,2553416,11.8380707682986,1.26041516500016,6.57942144954054
606,2007,27,Tabasco,175,28,0,203,1056023,1085879,2141902,16.5716087623092,2.57855617430671,9.47755779676194
607,2007,28,Tamaulipas,120,26,0,146,1578757,1607729,3186486,7.60091641715603,1.61718797135587,4.58184972411616
608,2007,29,Tlaxcala,20,2,0,22,553752,586405,1140157,3.61172510437886,0.341061211961017,1.92955882391636
609,2007,30,Veracruz,195,42,0,237,3635200,3879614,7514814,5.36421654929578,1.0825819269649,3.15377067216833
610,2007,31,Yucatán,127,13,0,140,946219,967270,1913489,13.421839975735,1.34398875184798,7.31647791024668
611,2007,32,Zacatecas,36,11,0,47,707272,749072,1456344,5.08997952697124,1.46848367046158,3.22725949363612
612,2007,33,Extranjero,6,0,0,6,,,,,,
613,2008,0,Nacional,3817,864,0,4681,54344847,56931068,111275915,7.02366500360191,1.51762478792774,4.20666053386306
614,2008,1,Aguascalientes,34,8,0,42,564557,596631,1161188,6.02242111956809,1.3408622750075,3.6169853632659
615,2008,2,Baja California,110,17,0,127,1549795,1519360,3069155,7.09771292332212,1.11889216512216,4.13794676384868
616,2008,3,Baja California Sur,35,4,0,39,304919,290957,595876,11.4784582134928,1.37477359197407,6.54498586954333
617,2008,4,Campeche,64,8,0,72,404272,410435,814707,15.8309257133811,1.94915150998331,8.83753300266231
618,2008,5,Coahuila,132,18,0,150,1344381,1361178,2705559,9.81864516085842,1.32238399386414,5.54414078569346
619,2008,6,Colima,22,8,0,30,311600,316947,628547,7.06033376123235,2.52408131327951,4.77291276547339
620,2008,7,Chiapas,65,12,0,77,2327111,2406301,4733412,2.7931628529967,0.498690729048444,1.62673352752729
621,2008,8,Chihuahua,184,46,0,230,1692348,1709274,3401622,10.8724683103002,2.69120105963117,6.76148025853549
622,2008,9,Ciudad de México,245,84,0,329,4320181,4702514,9022695,5.67105868943917,1.78627857354598,3.64636064945119
623,2008,10,Durango,59,13,0,72,800614,827259,1627873,7.36934402845816,1.57145464721448,4.42294945613079
624,2008,11,Guanajuato,254,44,0,298,2574720,2790529,5365249,9.86515038528461,1.576761968788,5.55426225325237
625,2008,12,Guerrero,66,25,0,91,1635762,1738626,3374388,4.03481680097716,1.43791706784553,2.69678531336645
626,2008,13,Hidalgo,49,11,0,60,1249988,1343667,2593655,3.92003763236127,0.818655217401335,2.31333774152692
627,2008,14,Jalisco,289,60,0,349,3555767,3719126,7274893,8.12764165931007,1.61328226040204,4.79732141764834
628,2008,15,Estado de México,342,94,0,436,7358672,7710428,15069100,4.64757771510947,1.21912817291076,2.89333802284144
629,2008,16,Michoacán,151,48,0,199,2072345,2232563,4304908,7.28643155459154,2.14999531928102,4.62263072753239
630,2008,17,Morelos,51,14,0,65,842217,903091,1745308,6.05544651794015,1.55023137203228,3.7242710169208
631,2008,18,Nayarit,37,12,0,49,524334,529556,1053890,7.0565708117345,2.26604929412565,4.64944159257608
632,2008,19,Nuevo León,209,38,0,247,2281395,2289426,4570821,9.16106154348546,1.65980468466769,5.4038432045359
633,2008,20,Oaxaca,119,31,0,150,1817528,1975476,3793004,6.54735442865254,1.56924204596766,3.95464913825559
634,2008,21,Puebla,117,35,0,152,2777170,3007959,5785129,4.21292178728706,1.16357968974976,2.6274262855677
635,2008,22,Querétaro,58,16,0,74,860415,912380,1772795,6.74093315434994,1.75365527521427,4.17419949853198
636,2008,23,Quintana Roo,115,19,0,134,638050,615709,1253759,18.0236658569078,3.08587335900563,10.6878594690048
637,2008,24,San Luis Potosí,119,20,0,139,1256610,1323129,2579739,9.46992304692784,1.51156841094103,5.38814197870405
638,2008,25,Sinaloa,79,15,0,94,1376969,1390251,2767220,5.73723881946507,1.07894186013892,3.39691097924993
639,2008,26,Sonora,153,37,0,190,1309150,1294864,2604014,11.6869724630485,2.85744294381495,7.29642774578017
640,2008,27,Tabasco,151,37,0,188,1076980,1110520,2187500,14.0206874779476,3.33177250297158,8.59428571428571
641,2008,28,Tamaulipas,126,15,0,141,1599111,1632709,3231820,7.8793779793898,0.918718522406626,4.36286674381618
642,2008,29,Tlaxcala,15,6,0,21,562087,597168,1159255,2.66862603120158,1.00474238405273,1.81150825314534
643,2008,30,Veracruz,185,33,0,218,3679735,3931566,7611301,5.02753595027903,0.839360193876944,2.86416211893341
644,2008,31,Yucatán,133,27,0,160,957241,981559,1938800,13.8940977246064,2.75072614076179,8.2525273364968
645,2008,32,Zacatecas,38,7,0,45,718823,759910,1478733,5.28641960538269,0.921161716519062,3.04314572001842
646,2008,33,Extranjero,11,2,0,13,,,,,,
647,2009,0,Nacional,4201,989,0,5190,55219029,57811189,113030218,7.60788459355198,1.7107414967715,4.59169246227588
648,2009,1,Aguascalientes,51,11,0,62,576718,608430,1185148,8.84314344272244,1.80793189027497,5.23141413561851
649,2009,2,Baja California,84,7,0,91,1582896,1552018,3134914,5.30672893228614,0.451025696866918,2.90279095375503
650,2009,3,Baja California Sur,35,9,0,44,318308,303869,622177,10.9956394435578,2.96180261889169,7.07194255011034
651,2009,4,Campeche,68,15,0,83,410079,416463,826542,16.5821707524648,3.60176054055222,10.0418369544439
652,2009,5,Coahuila,151,26,0,177,1368577,1386117,2754694,11.0333580061626,1.87574353391525,6.42539606940009
653,2009,6,Colima,24,2,0,26,320414,325303,645717,7.49030941219797,0.614811421966597,4.02653174687983
654,2009,7,Chiapas,131,28,0,159,2376739,2460299,4837038,5.51175370959958,1.13807305534815,3.28713563962078
655,2009,8,Chihuahua,207,38,0,245,1706429,1724836,3431265,12.1305955301979,2.20310800563068,7.14022379501438
656,2009,9,Ciudad de México,298,73,0,371,4321273,4707955,9029228,6.89611602877208,1.55056707211518,4.10887841131047
657,2009,10,Durango,91,27,0,118,812545,838019,1650564,11.1993797266613,3.22188399069711,7.14907146890396
658,2009,11,Guanajuato,228,48,0,276,2636498,2847253,5483751,8.64783512067902,1.68583543506671,5.03305128186893
659,2009,12,Guerrero,71,35,0,106,1662595,1762473,3425068,4.27043266700549,1.98584602430789,3.09482906616745
660,2009,13,Hidalgo,42,7,0,49,1281521,1375747,2657268,3.27735557981492,0.508814484058479,1.84399917509261
661,2009,14,Jalisco,282,75,0,357,3620775,3776274,7397049,7.78838784514365,1.98608469618465,4.82624895414374
662,2009,15,Estado de México,313,108,0,421,7469168,7833786,15302954,4.19056044796422,1.37864373624707,2.75110282629092
663,2009,16,Michoacán,153,29,0,182,2113037,2266527,4379564,7.24076293978761,1.27949060390633,4.15566481046972
664,2009,17,Morelos,48,12,0,60,859100,919709,1778809,5.58724246304272,1.30476052751468,3.37304342399887
665,2009,18,Nayarit,48,7,0,55,538144,541933,1080077,8.91954569780579,1.29167258683269,5.09222953548682
666,2009,19,Nuevo León,236,49,0,285,2325758,2334355,4660113,10.1472294193979,2.09908090243343,6.11573152839856
667,2009,20,Oaxaca,82,17,0,99,1841886,2002490,3844376,4.45195848168671,0.848943065882976,2.57519035599015
668,2009,21,Puebla,137,58,0,195,2811729,3047261,5858990,4.87244681119695,1.90334861372229,3.32821868615581
669,2009,22,Querétaro,54,20,0,74,883434,936051,1819485,6.11251095158212,2.1366357174983,4.06708491688582
670,2009,23,Quintana Roo,123,29,0,152,660959,638305,1299264,18.6093237250722,4.54328260001097,11.6989310871386
671,2009,24,San Luis Potosí,124,31,0,155,1272744,1337940,2610684,9.74272909556046,2.31699478302465,5.93714137750873
672,2009,25,Sinaloa,87,14,0,101,1391254,1404587,2795841,6.25335129314992,0.99673427135521,3.61250872277787
673,2009,26,Sonora,158,17,0,175,1335902,1319366,2655268,11.8272148705519,1.28849765720808,6.59067182672333
674,2009,27,Tabasco,142,38,0,180,1099321,1134525,2233846,12.9170642605754,3.34941936052533,8.05785179461789
675,2009,28,Tamaulipas,180,27,0,207,1621184,1656349,3277533,11.1029963286092,1.63009124284797,6.31572588285152
676,2009,29,Tlaxcala,24,7,0,31,571103,607541,1178644,4.20239431416049,1.15218561381043,2.63014107737366
677,2009,30,Veracruz,295,69,0,364,3728161,3980001,7708162,7.91274840330125,1.73366790611359,4.72226712412116
678,2009,31,Yucatán,183,36,0,219,969528,995288,1964816,18.8751639973265,3.61704350901448,11.1460818722975
679,2009,32,Zacatecas,49,18,0,67,731250,770119,1501369,6.7008547008547,2.33730111839859,4.46259380605301
680,2009,33,Extranjero,2,2,0,4,,,,,,
681,2010,0,Nacional,4091,921,0,5012,56087296,58668763,114756059,7.29398685934155,1.56983026896272,4.36752537833318
682,2010,1,Aguascalientes,41,9,0,50,589843,620713,1210556,6.95100221584388,1.44994546593998,4.1303334996481
683,2010,2,Baja California,91,16,0,107,1612354,1581910,3194264,5.64392186827458,1.01143554310928,3.34975443482442
684,2010,3,Baja California Sur,43,2,0,45,330380,315639,646019,13.0153156970761,0.633635260534978,6.96573939775765
685,2010,4,Campeche,53,9,0,62,416523,423244,839767,12.7243873687648,2.12643297955789,7.38300028460275
686,2010,5,Coahuila,147,22,0,169,1393045,1410200,2803245,10.5524229296254,1.5600624024961,6.02872742125644
687,2010,6,Colima,25,6,0,31,328836,333266,662102,7.60257392742887,1.80036367346204,4.68205805147847
688,2010,7,Chiapas,79,9,0,88,2425946,2513138,4939084,3.25646160302002,0.358118018190804,1.7817068913993
689,2010,8,Chihuahua,203,31,0,234,1721344,1740624,3461968,11.7931104997026,1.78097050253243,6.75916126318903
690,2010,9,Ciudad de México,300,75,0,375,4327349,4716802,9044151,6.93265091398914,1.59006038413315,4.14632617257275
691,2010,10,Durango,74,20,0,94,824844,849181,1674025,8.97139337862675,2.35521049104961,5.61520885291438
692,2010,11,Guanajuato,221,62,0,283,2695119,2898895,5594014,8.20000897919535,2.13874597044736,5.05897911589066
693,2010,12,Guerrero,65,26,0,91,1686956,1784788,3471744,3.8530939751837,1.45675564828988,2.62116100726321
694,2010,13,Hidalgo,47,9,0,56,1310791,1405343,2716134,3.58562120124413,0.64041305218726,2.06175394881107
695,2010,14,Jalisco,313,86,0,399,3685033,3832121,7517154,8.49381810149326,2.24418800972099,5.30785986292153
696,2010,15,Estado de México,405,132,0,537,7577925,7951835,15529760,5.3444709468621,1.659994202596,3.45787700518231
697,2010,16,Michoacán,123,28,0,151,2150861,2297914,4448775,5.71864011667886,1.21849642762958,3.39419278340667
698,2010,17,Morelos,32,13,0,45,875327,935641,1810968,3.65577664118667,1.38942179746292,2.48485892627589
699,2010,18,Nayarit,39,7,0,46,551039,553527,1104566,7.07753897637009,1.26461762479518,4.16453158978278
700,2010,19,Nuevo León,205,33,0,238,2372782,2380827,4753609,8.63964746866758,1.38607299060369,5.00672226091797
701,2010,20,Oaxaca,101,30,0,131,1864920,2027080,3892000,5.41578191021599,1.47996132367741,3.36587872559096
702,2010,21,Puebla,157,48,0,205,2848741,3087097,5935838,5.51120652948092,1.55485882043875,3.45359829564082
703,2010,22,Querétaro,74,11,0,85,907590,959372,1866962,8.15346136471314,1.1465833899676,4.55285110248629
704,2010,23,Quintana Roo,111,21,0,132,683108,660479,1343587,16.2492607318316,3.17951062789279,9.82444754228792
705,2010,24,San Luis Potosí,131,33,0,164,1288846,1352761,2641607,10.1641313236803,2.43945530659148,6.20834211902073
706,2010,25,Sinaloa,97,16,0,113,1407583,1420930,2828513,6.89124548960878,1.12602309754879,3.99503201859069
707,2010,26,Sonora,143,27,0,170,1360673,1343514,2704187,10.5095052227831,2.00965527713146,6.28654749098343
708,2010,27,Tabasco,168,19,0,187,1120648,1156851,2277499,14.9913264468415,1.64238955578549,8.21076101460418
709,2010,28,Tamaulipas,143,23,0,166,1643020,1678742,3321762,8.70348504583024,1.37007354316506,4.99734779312907
710,2010,29,Tlaxcala,25,8,0,33,580814,618026,1198840,4.3043039596153,1.2944439230712,2.75266090554202
711,2010,30,Veracruz,215,47,0,262,3778330,4028550,7806880,5.69034467608705,1.16667287237343,3.35601418236222
712,2010,31,Yucatán,169,37,0,206,983243,1009869,1993112,17.1880196451945,3.66384154776511,10.3355957919073
713,2010,32,Zacatecas,46,5,0,51,743483,779884,1523367,6.18709506471567,0.641120987223741,3.34784723576131
714,2010,33,Extranjero,5,1,0,6,,,,,,
715,2011,0,Nacional,4621,1095,2,5718,56940016,59506164,116446180,8.11555795839608,1.84014550156518,4.91042299541299
716,2011,1,Aguascalientes,81,17,0,98,604352,633768,1238120,13.4027851318437,2.68236957372414,7.9152263108584
717,2011,2,Baja California,132,16,1,149,1634407,1606704,3241111,8.07632370639627,0.995827482846872,4.59718905029788
718,2011,3,Baja California Sur,24,6,0,30,339907,325205,665112,7.06075485353347,1.8449900831783,4.51051852921012
719,2011,4,Campeche,71,10,0,81,424178,431448,855626,16.7382561094635,2.31777641801561,9.46675299722075
720,2011,5,Coahuila,143,26,0,169,1417528,1432812,2850340,10.087984152694,1.81461350128279,5.92911722812015
721,2011,6,Colima,44,4,0,48,336271,340528,676799,13.0846846739683,1.17464643142414,7.09220906059258
722,2011,7,Chiapas,194,36,0,230,2473276,2563475,5036751,7.84384759323262,1.40434371312379,4.56643578370263
723,2011,8,Chihuahua,242,47,0,289,1738219,1758064,3496283,13.9222963274478,2.67339528026283,8.26592126552685
724,2011,9,Ciudad de México,328,85,0,413,4341506,4732780,9074286,7.55498207304101,1.79598460101674,4.55132227483242
725,2011,10,Durango,63,23,0,86,837824,861495,1699319,7.51947903139562,2.66977753788472,5.06085084672154
726,2011,11,Guanajuato,285,73,0,358,2746163,2941155,5687318,10.378116666782,2.48201811873227,6.2947069251271
727,2011,12,Guerrero,56,34,0,90,1706154,1804757,3510911,3.28223595290929,1.88391013305392,2.56343723893884
728,2011,13,Hidalgo,81,32,0,113,1335401,1430572,2765973,6.06559378044498,2.23686749076593,4.08536164308184
729,2011,14,Jalisco,347,106,0,453,3746988,3886555,7633543,9.26077158507046,2.72735108598746,5.93433481674237
730,2011,15,Estado de México,459,140,1,600,7689943,8069413,15759356,5.96883487953032,1.73494651965391,3.80726217492644
731,2011,16,Michoacán,119,31,0,150,2182406,2325230,4507636,5.4526976190498,1.3332014467386,3.32768661888404
732,2011,17,Morelos,52,9,0,61,890211,950585,1840796,5.84131177889287,0.946785400569123,3.31378381960847
733,2011,18,Nayarit,40,6,0,46,562254,564093,1126347,7.11422239770637,1.06365439741319,4.08399898077591
734,2011,19,Nuevo León,174,44,0,218,2424179,2430498,4854677,7.17768778625671,1.81032858286656,4.49051502293561
735,2011,20,Oaxaca,115,27,0,142,1885701,2048104,3933805,6.09852781538537,1.31829243046252,3.60973662903982
736,2011,21,Puebla,196,60,0,256,2890232,3128972,6019204,6.78146252619167,1.91756270110439,4.2530540583107
737,2011,22,Querétaro,76,22,0,98,933014,981806,1914820,8.14564411680854,2.24076854286896,5.11797453546548
738,2011,23,Quintana Roo,100,21,0,121,703446,681820,1385266,14.2157322665848,3.07999178668857,8.73478451070047
739,2011,24,San Luis Potosí,132,27,0,159,1304833,1368167,2673000,10.1162370970078,1.97344330041581,5.94837261503928
740,2011,25,Sinaloa,92,19,0,111,1427804,1441683,2869487,6.44346142747884,1.31790414397617,3.86828725831481
741,2011,26,Sonora,156,22,0,178,1381631,1367574,2749205,11.2910031694425,1.60868808561731,6.47459902044409
742,2011,27,Tabasco,157,31,0,188,1139850,1176289,2316139,13.773742159056,2.63540677503573,8.1169567111473
743,2011,28,Tamaulipas,136,13,0,149,1664337,1699430,3363767,8.17142201369074,0.764962369735735,4.42955769528627
744,2011,29,Tlaxcala,40,11,0,51,591973,629043,1221016,6.75706493370475,1.74868808650601,4.17684944341434
745,2011,30,Veracruz,257,52,0,309,3831501,4078842,7910343,6.7075540369166,1.27487164249069,3.90627814748362
746,2011,31,Yucatán,152,34,0,186,999260,1026033,2025293,15.211256329684,3.31373357387141,9.18385636053648
747,2011,32,Zacatecas,73,9,0,82,755267,789264,1544531,9.66545605726187,1.1403028644408,5.30905498173879
748,2011,33,Extranjero,4,2,0,6,,,,,,
749,2012,0,Nacional,4470,1076,3,5549,57750657,60309857,118060514,7.74017168324163,1.78411963404257,4.70013200179698
750,2012,1,Aguascalientes,95,21,0,116,619125,646847,1265972,15.3442358166768,3.24651733717556,9.16291987500513
751,2012,2,Baja California,97,16,0,113,1651848,1628373,3280221,5.87221100246512,0.982575859462175,3.44488984126374
752,2012,3,Baja California Sur,35,9,0,44,348122,333681,681803,10.0539466049259,2.697186834132,6.45347703075522
753,2012,4,Campeche,48,15,0,63,432259,440223,872482,11.1044535799139,3.40736399506614,7.22077933986031
754,2012,5,Coahuila,130,20,0,150,1441060,1454050,2895110,9.02113721843643,1.37546851896427,5.18115028444515
755,2012,6,Colima,44,2,0,46,342908,347255,690163,12.8314300045493,0.575945630732459,6.66509215938843
756,2012,7,Chiapas,142,47,0,189,2518224,2611540,5129764,5.63889471309939,1.79970438898121,3.68438002216086
757,2012,8,Chihuahua,223,43,0,266,1754871,1775590,3530461,12.7074867611351,2.42173024177879,7.53442680715068
758,2012,9,Ciudad de México,341,85,0,426,4354435,4747736,9102171,7.83109634200534,1.79032701060042,4.68020211881319
759,2012,10,Durango,65,11,0,76,850638,874062,1724700,7.64132333613123,1.25849196052454,4.40656346031194
760,2012,11,Guanajuato,263,75,0,338,2791556,2977400,5768956,9.42126899836507,2.51897628803654,5.85894570872095
761,2012,12,Guerrero,62,28,0,90,1721794,1822961,3544755,3.6008953452039,1.53596264538846,2.53896249529234
762,2012,13,Hidalgo,76,26,0,102,1356909,1453139,2810048,5.60096513472901,1.78923007365434,3.62983123419956
763,2012,14,Jalisco,402,105,0,507,3805300,3938385,7743685,10.5642130712427,2.66606743627147,6.54727045327903
764,2012,15,Estado de México,456,142,0,598,7802250,8186911,15989161,5.84446794193983,1.73447592138231,3.74003363903835
765,2012,16,Michoacán,119,28,0,147,2209158,2349287,4558445,5.38666768062764,1.19185097435945,3.22478389012042
766,2012,17,Morelos,50,12,0,62,904017,964720,1868737,5.53086944161448,1.24388423584045,3.31774883250024
767,2012,18,Nayarit,44,6,0,50,572421,574032,1146453,7.68665021024735,1.04523789614516,4.36127778461045
768,2012,19,Nuevo León,180,49,0,229,2476476,2480893,4957369,7.26839266764548,1.97509525803813,4.61938580726995
769,2012,20,Oaxaca,106,18,0,124,1904364,2066669,3971033,5.56616277140295,0.870966758585918,3.12261318402542
770,2012,21,Puebla,171,45,0,216,2932162,3170546,6102708,5.83187422795876,1.41931389735396,3.53941233957122
771,2012,22,Querétaro,91,24,0,115,958471,1003473,1961944,9.49428829875917,2.39169364796063,5.8615332547718
772,2012,23,Quintana Roo,120,24,0,144,722674,702684,1425358,16.6049975507629,3.41547551957921,10.1027250697719
773,2012,24,San Luis Potosí,133,25,0,158,1320056,1383341,2703397,10.0753301375093,1.80721889975068,5.84449860675291
774,2012,25,Sinaloa,80,19,0,99,1448833,1463797,2912630,5.52168538402977,1.29799418908496,3.39898991632992
775,2012,26,Sonora,153,31,0,184,1399994,1391142,2791136,10.9286182655069,2.22838502467757,6.59229790307602
776,2012,27,Tabasco,145,27,0,172,1157612,1194114,2351726,12.5257858418883,2.26109064963647,7.31377720023506
777,2012,28,Tamaulipas,138,27,3,168,1684305,1718536,3402841,8.1932904076162,1.57110470772797,4.93705112874801
778,2012,29,Tlaxcala,38,6,0,44,603607,640205,1243812,6.29548696420022,0.937199803188041,3.53751209989934
779,2012,30,Veracruz,238,51,0,289,3883256,4127792,8011048,6.12887741627129,1.23552737153422,3.60751801761767
780,2012,31,Yucatán,131,29,0,160,1015644,1042352,2057996,12.8982202425259,2.78216955500637,7.77455349767444
781,2012,32,Zacatecas,44,9,0,53,766308,798121,1564429,5.74181660637759,1.12764856456602,3.38781753598278
782,2012,33,Extranjero,10,1,0,11,,,,,,
783,2013,0,Nacional,4825,1082,2,5909,58515422,61082232,119597654,8.24568948678179,1.77138255196699,4.94073236587066
784,2013,1,Aguascalientes,90,23,0,113,633604,659728,1293332,14.2044557799509,3.48628525695438,8.73712240940455
785,2013,2,Baja California,101,22,0,123,1667747,1649102,3316849,6.05607445253986,1.33405938504713,3.70833884810554
786,2013,3,Baja California Sur,40,10,0,50,356150,342059,698209,11.2312227993823,2.92347226648034,7.16117953220311
787,2013,4,Campeche,57,20,0,77,440162,448974,889136,12.9497775818903,4.45460093457528,8.66009249428659
788,2013,5,Coahuila,153,21,0,174,1463506,1474561,2938067,10.4543473002502,1.42415268001799,5.92226113291494
789,2013,6,Colima,45,7,0,52,349221,353771,702992,12.8858230175161,1.97868112423008,7.39695473063705
790,2013,7,Chiapas,261,54,0,315,2561648,2658850,5220498,10.1887534899409,2.0309532316603,6.03390711001134
791,2013,8,Chihuahua,251,58,1,310,1769884,1791978,3561862,14.1817203839348,3.2366468784773,8.70331304244802
792,2013,9,Ciudad de México,346,79,0,425,4362604,4758885,9121489,7.93104301926097,1.66005272243393,4.65932700242252
793,2013,10,Durango,78,12,0,90,862835,886247,1749082,9.03996708524805,1.3540243295605,5.14555635470493
794,2013,11,Guanajuato,284,67,0,351,2834677,3011787,5846464,10.0187781535604,2.22459290779859,6.003628860111
795,2013,12,Guerrero,69,35,0,104,1736018,1840291,3576309,3.97461316645334,1.90187312767383,2.90802612414084
796,2013,13,Hidalgo,89,23,0,112,1377194,1474838,2852032,6.4624156073872,1.55949331384193,3.92702466171488
797,2013,14,Jalisco,390,91,0,481,3860276,3987683,7847959,10.1029045591559,2.2820269314286,6.12898207037014
798,2013,15,Estado de México,477,143,0,620,7908687,8300572,16209259,6.03134249718063,1.72277284023318,3.8249743557062
799,2013,16,Michoacán,120,22,0,142,2233688,2371616,4605304,5.37228117803382,0.927637526479835,3.08340122606456
800,2013,17,Morelos,53,12,0,65,917217,978465,1895682,5.77834907115764,1.22641075562233,3.42884513330822
801,2013,18,Nayarit,45,9,0,54,582050,583616,1165666,7.73129456232283,1.54210988046935,4.63254482845
802,2013,19,Nuevo León,215,30,0,245,2527508,2530646,5058154,8.50640235362262,1.18546805835348,4.8436643091531
803,2013,20,Oaxaca,103,18,0,121,1921511,2084165,4005676,5.36036483788019,0.86365522883265,3.02071360739111
804,2013,21,Puebla,190,50,0,240,2972202,3210876,6183078,6.39256685783806,1.55720744120919,3.88156190169362
805,2013,22,Querétaro,84,28,0,112,983587,1024931,2008518,8.540169807043,2.73189121999432,5.576250748064
806,2013,23,Quintana Roo,115,22,0,137,741527,723437,1464964,15.5085384618497,3.04103881886052,9.35176564065738
807,2013,24,San Luis Potosí,141,16,0,157,1334267,1397841,2732108,10.5676000380733,1.14462231398278,5.74647854330795
808,2013,25,Sinaloa,107,16,0,123,1468600,1485098,2953698,7.28585046983522,1.07736997827753,4.16427136423561
809,2013,26,Sonora,206,31,0,237,1417156,1414052,2831208,14.536155511461,2.1922814719685,8.37098510600422
810,2013,27,Tabasco,135,33,0,168,1174809,1211679,2386488,11.4912296381795,2.72349359855209,7.0396331345475
811,2013,28,Tamaulipas,124,32,1,157,1702844,1736652,3439496,7.28193539748797,1.84262592620744,4.56462225860998
812,2013,29,Tlaxcala,32,8,0,40,614891,651172,1266063,5.20417439838931,1.22855405330696,3.15940044057839
813,2013,30,Veracruz,216,49,0,265,3931420,4174030,8105450,5.49419802514104,1.17392543896426,3.26940515332276
814,2013,31,Yucatán,141,26,0,167,1031289,1058195,2089484,13.6722102145955,2.45701406640553,7.99240386621769
815,2013,32,Zacatecas,54,8,0,62,776643,806435,1583078,6.95300157215091,0.992020435620974,3.91642104811007
816,2013,33,Extranjero,13,7,0,20,,,,,,
817,2014,0,Nacional,5080,1257,0,6337,59237019,61811585,121048604,8.57571850467357,2.0335993649087,5.2350872216585
818,2014,1,Aguascalientes,86,24,0,110,647766,672270,1320036,13.2763991935359,3.56999419875943,8.33310606680424
819,2014,2,Baja California,152,29,0,181,1682234,1668647,3350881,9.03560384583833,1.73793498565005,5.40156454377222
820,2014,3,Baja California Sur,55,4,0,59,363994,350287,714281,15.1101391781183,1.14192076782752,8.26005451635981
821,2014,4,Campeche,70,22,0,92,447826,457490,905316,15.6310709963245,4.80884828083674,10.1621975089361
822,2014,5,Coahuila,132,42,0,174,1484909,1494019,2978928,8.88943362859273,2.81120922826283,5.84102737629107
823,2014,6,Colima,35,7,0,42,355299,360060,715359,9.85085800973265,1.94412042437372,5.87117796798531
824,2014,7,Chiapas,268,53,0,321,2603618,2704822,5308440,10.2933686892624,1.95946350628618,6.04697425232272
825,2014,8,Chihuahua,250,76,0,326,1783455,1807032,3590487,14.0177352386239,4.20579159638568,9.07954826183746
826,2014,9,Ciudad de México,336,98,0,434,4366057,4765204,9131261,7.69573095358123,2.05657512249213,4.75290324085578
827,2014,10,Durango,86,18,0,104,874414,897811,1772225,9.83515817450315,2.0048763047011,5.86832935998533
828,2014,11,Guanajuato,347,75,0,422,2875948,3044054,5920002,12.0655867213176,2.46381963000656,7.12837597014325
829,2014,12,Guerrero,56,25,0,81,1748850,1856308,3605158,3.2021042399291,1.34675926624246,2.24678086230895
830,2014,13,Hidalgo,97,29,0,126,1396390,1495434,2891824,6.94648343227895,1.93923636884008,4.35711163611617
831,2014,14,Jalisco,414,92,0,506,3912138,4033768,7945906,10.5824487786474,2.28074594275129,6.368059224461
832,2014,15,Estado de México,507,163,0,670,8009472,8408760,16418232,6.33000527375587,1.93845465918875,4.08082916601495
833,2014,16,Michoacán,148,44,0,192,2256327,2391969,4648296,6.55933293356858,1.8394887224709,4.13054590327294
834,2014,17,Morelos,41,13,0,54,929826,991624,1921450,4.40942714013159,1.31098077497116,2.8103775794322
835,2014,18,Nayarit,63,18,0,81,591188,592737,1183925,10.6565085894842,3.03675997955248,6.84164959773634
836,2014,19,Nuevo León,191,29,0,220,2577268,2579174,5156442,7.41094833754192,1.12439098719202,4.26650779743086
837,2014,20,Oaxaca,117,15,0,132,1937294,2100216,4037510,6.03935179688782,0.714212252454033,3.26934174776038
838,2014,21,Puebla,209,68,0,277,3010436,3249290,6259726,6.94251596778673,2.09276488094322,4.42511381488583
839,2014,22,Querétaro,59,21,0,80,1008307,1045889,2054196,5.85139248264665,2.00786125487504,3.89446771388903
840,2014,23,Quintana Roo,93,25,0,118,760054,743945,1503999,12.2359727072024,3.36046347512249,7.84574989744009
841,2014,24,San Luis Potosí,142,31,0,173,1347538,1411395,2758933,10.5377362271045,2.19640851781394,6.27054009647933
842,2014,25,Sinaloa,114,29,0,143,1487287,1505404,2992691,7.66496311740774,1.92639318083385,4.77830821825574
843,2014,26,Sonora,211,25,0,236,1433163,1436010,2869173,14.7226798347432,1.74093495170646,8.22536668231578
844,2014,27,Tabasco,133,31,0,164,1191394,1228648,2420042,11.1633934701702,2.5230985603688,6.77674189125643
845,2014,28,Tamaulipas,147,29,0,176,1720108,1753503,3473611,8.54597502017315,1.6538323572871,5.06677345275565
846,2014,29,Tlaxcala,43,10,0,53,625854,661779,1287633,6.87061199576898,1.51107847181612,4.11607965934393
847,2014,30,Veracruz,248,71,0,319,3976040,4216618,8192658,6.23736179716502,1.68381390014462,3.89373021551736
848,2014,31,Yucatán,153,28,0,181,1046196,1073334,2119530,14.6244107222738,2.60869403186706,8.53962906870863
849,2014,32,Zacatecas,59,11,0,70,786369,814084,1600453,7.50283899797678,1.35121191424964,4.37376167872471
850,2014,33,Extranjero,18,2,0,20,,,,,,
851,2015,0,Nacional,5141,1280,4,6425,59896137,62472353,122368490,8.58319126657534,2.04890633781635,5.25053467604283
852,2015,1,Aguascalientes,102,22,0,124,660444,684205,1344649,15.4441557497683,3.21541058600858,9.22173741995123
853,2015,2,Baja California,130,20,0,150,1709856,1696306,3406162,7.6029794321861,1.17903255662599,4.40378349591123
854,2015,3,Baja California Sur,48,9,0,57,372092,358313,730405,12.9000354750976,2.51177043534563,7.80388962288046
855,2015,4,Campeche,72,14,0,86,453447,463628,917075,15.8783716729849,3.01966231547706,9.37764086906742
856,2015,5,Coahuila,144,37,0,181,1504755,1512565,3017320,9.56966416459822,2.44617586682225,5.99870083385256
857,2015,6,Colima,52,2,0,54,359466,364545,724011,14.4659021993735,0.548629113003882,7.45845021691659
858,2015,7,Chiapas,267,49,0,316,2641302,2744992,5386294,10.1086509607762,1.78506895466362,5.86674251349815
859,2015,8,Chihuahua,325,96,0,421,1798779,1822766,3621545,18.0678115543933,5.2667210163016,11.6248728098091
860,2015,9,Ciudad de México,290,79,0,369,4377002,4775225,9152227,6.62553958165886,1.65437230706406,4.03180559223455
861,2015,10,Durango,95,21,0,116,884425,907163,1791588,10.7414421799474,2.31490922799982,6.47470288928035
862,2015,11,Guanajuato,384,82,0,466,2911700,3073387,5985087,13.1881718583645,2.66806620838834,7.78601881643492
863,2015,12,Guerrero,48,25,0,73,1755076,1865664,3620740,2.73492429957449,1.34000548866248,2.01616244193176
864,2015,13,Hidalgo,81,36,0,117,1415299,1515825,2931124,5.72317227667087,2.3749443372421,3.9916427964153
865,2015,14,Jalisco,416,111,0,527,3961178,4079036,8040214,10.5019264471326,2.72123119286027,6.55455190620548
866,2015,15,Estado de México,507,160,0,667,8094857,8499968,16594825,6.26323602751723,1.88236002770834,4.01932530171303
867,2015,16,Michoacán,138,31,0,169,2275532,2408455,4683987,6.06451590221539,1.28713220716185,3.60803734083805
868,2015,17,Morelos,32,9,3,44,939745,1001835,1941580,3.40517906453346,0.898351524951714,2.26619557267792
869,2015,18,Nayarit,62,13,0,75,598468,600336,1198804,10.3597853185133,2.16545401241971,6.25623538126333
870,2015,19,Nuevo León,203,50,0,253,2633518,2632702,5266220,7.70832020134284,1.89918950188817,4.80420491358128
871,2015,20,Oaxaca,125,30,1,156,1951856,2115182,4067038,6.40416096269397,1.41831766722674,3.83571532894455
872,2015,21,Puebla,194,74,0,268,3047579,3286315,6333894,6.36570864939022,2.25176223216582,4.2312043744338
873,2015,22,Querétaro,90,20,0,110,1035294,1071365,2106659,8.6931828060435,1.86677742879411,5.22153798977433
874,2015,23,Quintana Roo,110,30,0,140,785292,769796,1555088,14.0075284098144,3.8971363841849,9.00270595619026
875,2015,24,San Luis Potosí,139,25,0,164,1358777,1422926,2781703,10.2297875221615,1.75694308769395,5.89566894812279
876,2015,25,Sinaloa,125,17,0,142,1500015,1519561,3019576,8.33325000083332,1.11874416361041,4.70264699414752
877,2015,26,Sonora,217,32,0,249,1447137,1452124,2899261,14.9951248568726,2.20366855723065,8.58839545663533
878,2015,27,Tabasco,133,37,0,170,1201210,1239278,2440488,11.0721688963628,2.98560936287096,6.96581995076395
879,2015,28,Tamaulipas,126,23,0,149,1733239,1766917,3500156,7.26962640466779,1.30170234368677,4.256953118661
880,2015,29,Tlaxcala,37,15,0,52,634862,670682,1305544,5.82803821932956,2.23652938352304,3.9830139773152
881,2015,30,Veracruz,204,48,0,252,3997519,4240377,8237896,5.10316523823902,1.13197482205002,3.05903352020953
882,2015,31,Yucatán,145,45,0,190,1063331,1090883,2154214,13.6363935594843,4.12509865860959,8.81992225470636
883,2015,32,Zacatecas,87,16,0,103,793085,820031,1613116,10.9698203849524,1.95114574936801,6.38515767000017
884,2015,33,Extranjero,13,2,0,15,,,,,,
885,2016,0,Nacional,5181,1187,2,6370,60507080,63080327,123587407,8.56263432312384,1.88172772154463,5.15424682386936
886,2016,1,Aguascalientes,102,23,0,125,671636,695776,1367412,15.1867976106105,3.30566159223658,9.14135607995249
887,2016,2,Baja California,142,28,0,170,1755226,1735383,3490609,8.09012628573187,1.61347667921145,4.87021032719505
888,2016,3,Baja California Sur,49,6,0,55,380625,366202,746827,12.8735632183908,1.63843998667402,7.36449003584498
889,2016,4,Campeche,69,17,1,87,456535,466864,923399,15.1138466930246,3.64131738579115,9.42171260744272
890,2016,5,Coahuila,151,20,0,171,1523271,1530661,3053932,9.91287827313722,1.30662504630353,5.59933881959389
891,2016,6,Colima,58,8,0,66,361513,367031,728544,16.0436830764039,2.17965239993352,9.05916458031361
892,2016,7,Chiapas,216,56,0,272,2674490,2778887,5453377,8.07630613687095,2.01519529221591,4.98773512265886
893,2016,8,Chihuahua,339,99,0,438,1817307,1840487,3657794,18.6539753602446,5.3790110986929,11.9744304900713
894,2016,9,Ciudad de México,296,81,0,377,4402058,4794778,9196836,6.72412766937646,1.68933785881223,4.0992358676397
895,2016,10,Durango,88,26,0,114,892691,914017,1806708,9.85783434581507,2.84458604161629,6.30981874215424
896,2016,11,Guanajuato,401,58,0,459,2941857,3100702,6042559,13.6308460948306,1.87054415419476,7.59611945865982
897,2016,12,Guerrero,52,31,0,83,1753707,1867338,3621045,2.96514754175013,1.66011723640819,2.29215599364272
898,2016,13,Hidalgo,86,27,0,113,1434711,1536843,2971554,5.99423856093666,1.75684829224586,3.80272409655016
899,2016,14,Jalisco,476,121,0,597,4008882,4125847,8134729,11.8736345943832,2.93273114587138,7.3389045904295
900,2016,15,Estado de México,450,129,0,579,8164125,8573276,16737401,5.51191952597492,1.50467569223247,3.45931844496048
901,2016,16,Michoacán,149,33,0,182,2291574,2421361,4712935,6.50208110233403,1.36286989011552,3.86171249974803
902,2016,17,Morelos,70,17,0,87,946684,1008799,1955483,7.39423080985841,1.68517217007551,4.44902870544004
903,2016,18,Nayarit,69,10,0,79,603565,606222,1209787,11.4320744244613,1.64956072197974,6.53007512892765
904,2016,19,Nuevo León,238,54,0,292,2699055,2693741,5392796,8.81790108019288,2.00464706889044,5.41463092614666
905,2016,20,Oaxaca,89,25,0,114,1965669,2129709,4095378,4.52772058774901,1.17386929388006,2.78362583380582
906,2016,21,Puebla,174,52,0,226,3084711,3323242,6407953,5.64072290726749,1.56473708505128,3.5268673162865
907,2016,22,Querétaro,77,25,0,102,1065724,1103186,2168910,7.2251352132447,2.26616363876989,4.70282307702948
908,2016,23,Quintana Roo,101,24,0,125,819468,802839,1622307,12.3250694352922,2.98939139727891,7.70507678263115
909,2016,24,San Luis Potosí,147,32,0,179,1368087,1432633,2800720,10.744930695197,2.23364951107506,6.39121368790882
910,2016,25,Sinaloa,145,20,0,165,1505989,1526743,3032732,9.62822437614086,1.30997816921381,5.44063900140204
911,2016,26,Sonora,190,27,1,218,1459286,1461527,2920813,13.0200659774712,1.84738290842386,7.46367535340332
912,2016,27,Tabasco,131,24,0,155,1202790,1242234,2445024,10.8913442911897,1.93200314916513,6.33940607535959
913,2016,28,Tamaulipas,133,26,0,159,1742355,1777244,3519599,7.63334682082584,1.46293924750906,4.51756009704515
914,2016,29,Tlaxcala,44,8,0,52,641565,677663,1319228,6.85822948571072,1.18052778445924,3.94169923621997
915,2016,30,Veracruz,178,29,0,207,3991789,4242750,8234539,4.45915352740338,0.68351894408108,2.51380192625234
916,2016,31,Yucatán,189,35,0,224,1083796,1112075,2195871,17.4387061771773,3.14726974349752,10.200963535654
917,2016,32,Zacatecas,64,12,0,76,796339,824267,1620606,8.03677830672616,1.45583894539027,4.689603765505
918,2016,33,Extranjero,18,4,0,22,,,,,,
919,2017,0,Nacional,5323,1233,3,6559,61102672,63674500,124777172,8.71156665620122,1.93641096514303,5.25657048871087
920,2017,1,Aguascalientes,115,25,0,140,682582,707389,1389971,16.8477926461583,3.53412337483337,10.0721525844784
921,2017,2,Baja California,147,19,0,166,1804583,1777162,3581745,8.14592623337358,1.06912031654964,4.63461245845252
922,2017,3,Baja California Sur,42,5,0,47,389273,374121,763394,10.7893432115765,1.33646600965998,6.15671592912703
923,2017,4,Campeche,63,11,0,74,458765,469226,927991,13.7325210074875,2.34428612225239,7.97421526717393
924,2017,5,Coahuila,165,36,0,201,1541283,1548474,3089757,10.7053668923877,2.32486951669838,6.50536595596353
925,2017,6,Colima,42,4,0,46,363238,369226,732464,11.5626669015907,1.08334732656963,6.28017213132659
926,2017,7,Chiapas,205,57,0,262,2706266,2811179,5517445,7.57501295142458,2.02761901678975,4.74857474791321
927,2017,8,Chihuahua,315,90,0,405,1836708,1858911,3695619,17.1502492502891,4.84154432353136,10.9589219018519
928,2017,9,Ciudad de México,234,68,0,302,4430244,4816514,9246758,5.28187612239868,1.41180945389134,3.26600955707936
929,2017,10,Durango,103,21,0,124,900194,919988,1820182,11.4419780625065,2.28263846919742,6.81250556263055
930,2017,11,Guanajuato,411,83,0,494,2971011,3127825,6098836,13.8336747995884,2.65360114456531,8.09990627719781
931,2017,12,Guerrero,54,19,0,73,1749884,1866635,3616519,3.08591883804869,1.01787441036946,2.01851559469202
932,2017,13,Hidalgo,90,26,0,116,1454172,1557999,3012171,6.18908904861323,1.66880723286729,3.8510429852754
933,2017,14,Jalisco,524,133,1,658,4056053,4172970,8229023,12.9189633370175,3.18717843646132,7.99608896463165
934,2017,15,Estado de México,428,142,0,570,8228452,8641611,16870063,5.20146438236499,1.64321212792383,3.37876627965171
935,2017,16,Michoacán,162,44,0,206,2306794,2433376,4740170,7.02273371614457,1.80818747287719,4.34583569787582
936,2017,17,Morelos,61,10,0,71,952829,1014981,1967810,6.40198818465853,0.985240117795308,3.60807191751236
937,2017,18,Nayarit,55,17,0,72,608045,611612,1219657,9.04538315420734,2.77953996978477,5.90329904227172
938,2017,19,Nuevo León,233,37,0,270,2766863,2756730,5523593,8.42108915403473,1.34216988968814,4.88812264046247
939,2017,20,Oaxaca,112,17,0,129,1978997,2143863,4122860,5.65943253072137,0.792961117384833,3.12889596057106
940,2017,21,Puebla,228,74,0,302,3121790,3360237,6482027,7.3035021574161,2.20222561682405,4.65903644029869
941,2017,22,Querétaro,115,22,0,137,1097073,1136530,2233603,10.4824382698325,1.93571661108814,6.13358775037462
942,2017,23,Quintana Roo,116,19,0,135,855981,837821,1693802,13.5517026662975,2.26778751069739,7.97023500975911
943,2017,24,San Luis Potosí,165,34,0,199,1376827,1441860,2818687,11.9840764308079,2.35806527679525,7.06002475620741
944,2017,25,Sinaloa,148,20,0,168,1510697,1532684,3043381,9.79680240312915,1.30490042304872,5.5201764090661
945,2017,26,Sonora,232,32,0,264,1470912,1469440,2940352,15.7725275203411,2.17770034843206,8.97851685784559
946,2017,27,Tabasco,90,18,0,108,1202025,1243056,2445081,7.48736507144194,1.44804417500097,4.41703158300277
947,2017,28,Tamaulipas,135,23,0,158,1750642,1787044,3537686,7.71145671130934,1.28704161733007,4.46619626501617
948,2017,29,Tlaxcala,41,14,0,55,647718,684178,1331896,6.3299151791366,2.0462511217841,4.12945154876957
949,2017,30,Veracruz,168,49,0,217,3979155,4239749,8218904,4.22200190744015,1.15572879432249,2.64025471036041
950,2017,31,Yucatán,152,39,0,191,1104892,1134063,2238955,13.7570006842298,3.43896238568757,8.53076546871197
951,2017,32,Zacatecas,89,20,0,109,798724,828046,1626770,11.1427727224924,2.4153247524896,6.70039403234631
952,2017,33,Extranjero,12,1,0,13,,,,,,
953,2017,99,Not specified,71,4,2,77,,,,,,
954,2018,0,Nacional,5540,1265,3,6808,61709453,64286372,125995825,8.97755486505447,1.96775764543067,5.40335364286872
955,2018,1,Aguascalientes,114,26,0,140,693723,719280,1413003,16.4330719898288,3.61472583694806,9.90797613310092
956,2018,2,Baja California,164,30,0,194,1854722,1819712,3674434,8.84229550304574,1.64861252769669,5.27972471406481
957,2018,3,Baja California Sur,48,9,0,57,398135,382281,780416,12.0562120888643,2.35428912239949,7.30379694931934
958,2018,4,Campeche,58,11,0,69,460829,471491,932320,12.5860134670344,2.33302438434668,7.4008923974601
959,2018,5,Coahuila,176,40,0,216,1559482,1566625,3126107,11.2857987459939,2.55325939519668,6.90955236017193
960,2018,6,Colima,44,7,0,51,365130,371613,736743,12.0505025607318,1.88368006501387,6.92235962879864
961,2018,7,Chiapas,122,25,0,147,2738599,2844347,5582946,4.45483256219695,0.878936360437035,2.63301848164034
962,2018,8,Chihuahua,299,66,0,365,1857035,1878379,3735414,16.1009350927688,3.51366790195163,9.77133993715288
963,2018,9,Ciudad de México,167,60,0,227,4458036,4838232,9296268,3.7460442221642,1.24012242488578,2.44184010185593
964,2018,10,Durango,101,21,0,122,907591,925923,1833514,11.1283606822897,2.26800716690265,6.65388974395614
965,2018,11,Guanajuato,410,94,0,504,3000892,3155949,6156841,13.6626043189825,2.97850187059423,8.18601617290426
966,2018,12,Guerrero,44,19,0,63,1745513,1865680,3611193,2.5207489145025,1.01839543758844,1.74457582300364
967,2018,13,Hidalgo,84,25,0,109,1473912,1579636,3053548,5.69911907902236,1.58264308992705,3.56961803122139
968,2018,14,Jalisco,504,126,0,630,4104153,4221452,8325605,12.2802439382742,2.98475500846628,7.56701765217062
969,2018,15,Estado de México,442,142,0,584,8293791,8711942,17005733,5.32928789741627,1.62994657218792,3.43413600578111
970,2018,16,Michoacán,205,40,0,245,2322928,2446454,4769382,8.82506905078418,1.63501950169511,5.13693388367717
971,2018,17,Morelos,71,17,0,88,959052,1021353,1980405,7.40314393797208,1.66445881100854,4.44353553944774
972,2018,18,Nayarit,58,8,0,66,612753,617305,1230058,9.46547793319657,1.29595580790695,5.36560064647358
973,2018,19,Nuevo León,267,50,0,317,2835992,2821167,5657159,9.41469510492272,1.77231620815074,5.60351936369475
974,2018,20,Oaxaca,111,29,0,140,1992706,2158643,4151349,5.57031493858101,1.34343659419367,3.37239774348049
975,2018,21,Puebla,231,88,0,319,3159985,3398669,6558654,7.31016128241115,2.58924890891111,4.86380284735252
976,2018,22,Querétaro,110,28,0,138,1128691,1170302,2298993,9.74580288139092,2.39254483030876,6.00262810717562
977,2018,23,Quintana Roo,103,22,0,125,893348,873709,1767057,11.5296614533194,2.51800084467483,7.07390876468614
978,2018,24,San Luis Potosí,178,26,0,204,1385765,1451436,2837201,12.8448907282259,1.79132941445575,7.19018497455767
979,2018,25,Sinaloa,116,19,0,135,1515826,1539218,3055044,7.65259337153473,1.23439304893784,4.41892162600604
980,2018,26,Sonora,238,29,0,267,1482945,1477838,2960783,16.0491454504382,1.96232604656261,9.01788479601511
981,2018,27,Tabasco,117,25,0,142,1200755,1243570,2444325,9.7438694821175,2.01034119510763,5.80937477626748
982,2018,28,Tamaulipas,141,23,0,164,1759113,1797246,3556359,8.01540321741696,1.27973577351125,4.61145795461032
983,2018,29,Tlaxcala,44,11,0,55,654045,690976,1345021,6.72736585403145,1.59195109526235,4.08915548530469
984,2018,30,Veracruz,203,50,0,253,3966457,4237341,8203798,5.11791757732405,1.17998527850367,3.08393746408676
985,2018,31,Yucatán,195,40,0,235,1126271,1156491,2282762,17.3137726177803,3.45873854617113,10.2945466938735
986,2018,32,Zacatecas,87,12,0,99,801278,832112,1633390,10.8576548963032,1.44211356163593,6.06101420971109
987,2018,33,Extranjero,8,2,0,10,,,,,,
988,2018,99,Not specified,280,45,3,328,,,,,,
989,2019,0,Nacional,5906,1313,4,7223,62309982,64905684,127215666,9.47841711782231,2.02293531025726,5.67775984445186
990,2019,1,Aguascalientes,129,28,0,157,704939,731399,1436338,18.2994556975852,3.82827977615501,10.930574836842
991,2019,2,Baja California,143,26,0,169,1905020,1862700,3767720,7.5064828715709,1.39582326730016,4.48547131952481
992,2019,3,Baja California Sur,56,3,0,59,407115,390643,797758,13.755327118873,0.76796461219067,7.39572652358234
993,2019,4,Campeche,85,10,0,95,462609,473581,936190,18.3740480621864,2.11157119901347,10.1475127912069
994,2019,5,Coahuila,215,46,0,261,1577501,1584964,3162465,13.6291514236758,2.90227412105259,8.25305576504404
995,2019,6,Colima,34,5,0,39,367034,374096,741130,9.26344698311328,1.33655532269792,5.26223469566743
996,2019,7,Chiapas,174,26,0,200,2770491,2877688,5648179,6.28047519374725,0.903503089980568,3.54096426476569
997,2019,8,Chihuahua,319,81,0,400,1877193,1898102,3775295,16.9934577851079,4.26742082353846,10.5951985209103
998,2019,9,Ciudad de México,187,47,0,234,4484048,4859023,9343071,4.17033894374012,0.967272638964664,2.50452982750532
999,2019,10,Durango,103,24,0,127,914624,931701,1846325,11.2614582604436,2.57593369546668,6.8785289697101
1000,2019,11,Guanajuato,407,86,0,493,3030323,3184223,6214546,13.4309114902933,2.70081586622545,7.93300105912805
1001,2019,12,Guerrero,57,20,0,77,1740243,1864279,3604522,3.27540464176555,1.07280079859291,2.13620557732759
1002,2019,13,Hidalgo,92,25,0,117,1493582,1601545,3095127,6.15968858757002,1.56099266645645,3.78013567779287
1003,2019,14,Jalisco,502,103,0,605,4152417,4270970,8423387,12.0893445913549,2.41163014490853,7.18238399826578
1004,2019,15,Estado de México,553,162,0,715,8358223,8783295,17141518,6.61623888235574,1.84441032664848,4.17115917038386
1005,2019,16,Michoacán,267,67,0,334,2338724,2459628,4798352,11.4164818080287,2.72398915608377,6.96072318162569
1006,2019,17,Morelos,76,14,0,90,965120,1027781,1992901,7.87466843501326,1.3621578916131,4.51602964723285
1007,2019,18,Nayarit,67,10,0,77,617602,623307,1240909,10.848410464992,1.60434585204402,6.20512865971639
1008,2019,19,Nuevo León,269,49,0,318,2905686,2886717,5792403,9.25771057161717,1.69742998707528,5.48994950800212
1009,2019,20,Oaxaca,136,30,0,166,2006395,2173835,4180230,6.77832630165047,1.38004954377862,3.97107336199204
1010,2019,21,Puebla,257,88,0,345,3198766,3438337,6637103,8.03434824554219,2.55937681501261,5.19805101713805
1011,2019,22,Querétaro,141,34,0,175,1160283,1204362,2364645,12.1522076941574,2.82307146854517,7.40068805254066
1012,2019,23,Quintana Roo,112,21,0,133,931223,910247,1841470,12.0271943455005,2.3070661040355,7.2224907275166
1013,2019,24,San Luis Potosí,200,39,0,239,1394550,1461186,2855736,14.3415438671973,2.66906471866005,8.36912095515832
1014,2019,25,Sinaloa,126,26,0,152,1520613,1545793,3066406,8.28613197440769,1.68198458655202,4.95694307929217
1015,2019,26,Sonora,233,30,0,263,1495082,1486592,2981674,15.5844294827976,2.01803857413467,8.82054845700771
1016,2019,27,Tabasco,104,22,0,126,1198633,1243543,2442176,8.67655070401032,1.76913866267592,5.15933331586257
1017,2019,28,Tamaulipas,147,27,0,174,1767344,1807648,3574992,8.31756579364289,1.4936536316805,4.86714375864338
1018,2019,29,Tlaxcala,47,18,0,65,660331,697867,1358198,7.11764251564746,2.57928803052731,4.78575288728153
1019,2019,30,Veracruz,216,49,0,265,3952897,4235185,8188082,5.46434678161359,1.15697425260054,3.23641116442166
1020,2019,31,Yucatán,198,47,0,245,1147667,1179179,2326846,17.2523911552741,3.98582403519737,10.5292743911716
1021,2019,32,Zacatecas,93,24,0,117,803704,836268,1639972,11.5714243054657,2.8698933834608,7.13426814604152
1022,2019,33,Extranjero,10,3,0,13,,,,,,
1023,2019,99,Not specified,151,23,4,178,,,,,,
1024,2020,0,Nacional,6452,1436,8,7896,62764717,65444453,128209170,10.2796607845774,2.19422721739305,6.15868584127017
1025,2020,1,Aguascalientes,157,24,0,181,714122,741928,1456050,21.9850389709321,3.23481523813632,12.4308917962982
1026,2020,2,Baja California,87,10,0,97,1942589,1896030,3838619,4.47855928351288,0.527417815118959,2.52695044754377
1027,2020,3,Baja California Sur,59,8,0,67,415991,399107,815098,14.182999151424,2.0044749904161,8.2198704941001
1028,2020,4,Campeche,48,22,0,70,463525,475654,939179,10.3554285097891,4.62521076244497,7.45331827053203
1029,2020,5,Coahuila,235,38,0,273,1594257,1602865,3197122,14.740408855034,2.37075486706616,8.53892969989885
1030,2020,6,Colima,40,10,0,50,368812,376310,745122,10.8456340899971,2.65738354016635,6.71031052632992
1031,2020,7,Chiapas,168,35,0,203,2800924,2914336,5715260,5.99802065318445,1.2009596697155,3.55189440200446
1032,2020,8,Chihuahua,432,103,6,541,1895944,1916683,3812627,22.7854831155351,5.37386724878345,14.1896912548749
1033,2020,9,Ciudad de México,352,98,0,450,4477410,4855183,9332593,7.86168789545742,2.01846150804202,4.82181104436891
1034,2020,10,Durango,87,28,0,115,920522,937633,1858155,9.45115923356531,2.9862430183238,6.18893472288372
1035,2020,11,Guanajuato,415,86,0,501,3053506,3212290,6265796,13.5909344864559,2.67721781034714,7.99579175574819
1036,2020,12,Guerrero,31,16,0,47,1735911,1864044,3599955,1.78580583912424,0.858348837259206,1.305571875204
1037,2020,13,Hidalgo,98,34,0,132,1508655,1621511,3130166,6.4958522657599,2.09680970403531,4.21702874544034
1038,2020,14,Jalisco,555,100,0,655,4193609,4314053,8507662,13.2344240962856,2.31800582885746,7.69894243565388
1039,2020,15,Estado de México,648,184,0,832,8395308,8841480,17236788,7.7185971020956,2.08109954442017,4.82688538026922
1040,2020,16,Michoacán,306,69,0,375,2354604,2475663,4830267,12.9958158569339,2.78713217429028,7.76354599031482
1041,2020,17,Morelos,89,17,0,106,969281,1033473,2002754,9.18206381843862,1.64493895825048,5.29271193566459
1042,2020,18,Nayarit,74,17,0,91,622813,629877,1252690,11.8815760107769,2.69893963424605,7.26436708203945
1043,2020,19,Nuevo León,298,53,0,351,2963058,2942913,5905971,10.0571774160344,1.80093669095892,5.94313788537059
1044,2020,20,Oaxaca,180,34,0,214,2016519,2187926,4204445,8.92627344448527,1.55398308717937,5.08985133590759
1045,2020,21,Puebla,268,68,0,336,3230785,3474432,6705217,8.29519760677359,1.95715443560271,5.01102350602523
1046,2020,22,Querétaro,172,28,0,200,1186637,1233182,2419819,14.4947443910817,2.27054887275358,8.26508098332974
1047,2020,23,Quintana Roo,135,41,0,176,959272,938969,1898241,14.0731721555513,4.36649133251471,9.27174157549015
1048,2020,24,San Luis Potosí,218,40,0,258,1401063,1470634,2871697,15.5596143785112,2.71991535623411,8.98423475735776
1049,2020,25,Sinaloa,106,9,0,115,1526168,1553605,3079773,6.94550010221679,0.579297826667654,3.73404143746958
1050,2020,26,Sonora,267,37,0,304,1506254,1496032,3002286,17.7260940053935,2.47320912921649,10.1256176127124
1051,2020,27,Tabasco,86,29,0,115,1196142,1244307,2440449,7.18978181520254,2.33061455091067,4.71224762328572
1052,2020,28,Tamaulipas,131,33,0,164,1776863,1819108,3595971,7.37254363448392,1.81407590973158,4.56065969386294
1053,2020,29,Tlaxcala,43,9,0,52,665267,704683,1369950,6.46357026577299,1.27717001829191,3.79575896930545
1054,2020,30,Veracruz,234,55,0,289,3937813,4231474,8169287,5.94238477042968,1.29978347970471,3.53764043300229
1055,2020,31,Yucatán,184,59,0,243,1164908,1198215,2363123,15.7952387656364,4.92399110343302,10.2830026198382
1056,2020,32,Zacatecas,107,19,0,126,806185,840853,1647038,13.2723878514237,2.25961018156562,7.65009671907995
1057,2020,33,Extranjero,11,2,0,13,,,,,,
1058,2020,99,Not specified,131,21,2,154,,,,,,
1059,2021,0,Nacional,6850,1568,14,8432,63092068,65890871,128982939,10.8571492695405,2.37969232490492,6.53729870428832
1060,2021,1,Aguascalientes,143,31,0,174,721750,750895,1472645,19.8129546241773,4.12840676792361,11.8154748768373
1061,2021,2,Baja California,104,17,0,121,1969207,1920718,3889925,5.28131374710734,0.885085681500356,3.11059981876257
1062,2021,3,Baja California Sur,53,5,0,58,424439,407393,831832,12.4870711692375,1.22731612963404,6.97256176727993
1063,2021,4,Campeche,91,19,0,110,463930,477754,941684,19.6150281292436,3.97694210828167,11.681200912408
1064,2021,5,Coahuila,248,45,0,293,1611688,1621162,3232850,15.3875936285435,2.77578675049131,9.0632104799171
1065,2021,6,Colima,69,8,0,77,370349,377966,748315,18.6310750130283,2.11659249773789,10.2897843822454
1066,2021,7,Chiapas,192,53,0,245,2831285,2954268,5785553,6.78137312209827,1.79401462561961,4.23468594964042
1067,2021,8,Chihuahua,442,120,10,572,1916442,1935449,3851891,23.0635730170806,6.20011170534589,14.8498490741301
1068,2021,9,Ciudad de México,268,84,0,352,4444051,4828598,9272649,6.03053385300934,1.73963539727267,3.79611047501097
1069,2021,10,Durango,110,29,0,139,926150,944036,1870186,11.877125735572,3.07191674893754,7.4324158131865
1070,2021,11,Guanajuato,363,86,0,449,3070480,3238484,6308964,11.8222558036529,2.65556352910806,7.11685785495051
1071,2021,12,Guerrero,36,9,0,45,1733590,1864742,3598332,2.07661557807786,0.482640493966458,1.25057943513828
1072,2021,13,Hidalgo,152,33,0,185,1518894,1639053,3157947,10.0072816141219,2.01335771326492,5.85823637952125
1073,2021,14,Jalisco,616,112,0,728,4225560,4347887,8573447,14.5779494315546,2.57596391074561,8.49133376575373
1074,2021,15,Estado de México,726,210,0,936,8407514,8883536,17291050,8.63513281095934,2.36392355476468,5.4132050974348
1075,2021,16,Michoacán,273,57,0,330,2369391,2493206,4862597,11.5219480448774,2.28621301248272,6.78649700972546
1076,2021,17,Morelos,126,32,0,158,970731,1037543,2008274,12.97990895521,3.08420952191861,7.86745234962958
1077,2021,18,Nayarit,72,20,0,92,628215,636717,1264932,11.4610443876698,3.14111292772142,7.27311823876699
1078,2021,19,Nuevo León,345,55,0,400,3007825,2989081,5996906,11.4700822022558,1.84003043075782,6.67010621810647
1079,2021,20,Oaxaca,153,36,0,189,2022049,2199289,4221338,7.56658221437759,1.63689265030653,4.47725342059792
1080,2021,21,Puebla,272,87,0,359,3254197,3504453,6758650,8.35843681252241,2.48255576547895,5.31171165839332
1081,2021,22,Querétaro,182,50,0,232,1206933,1255751,2462684,15.0795445977531,3.98168108167941,9.42061588088443
1082,2021,23,Quintana Roo,125,42,0,167,977307,959406,1936713,12.7902491233563,4.37770870726262,8.62285738774924
1083,2021,24,San Luis Potosí,236,46,0,282,1405874,1479920,2885794,16.7867106156028,3.10827612303368,9.77200728811551
1084,2021,25,Sinaloa,143,28,0,171,1533869,1563054,3096923,9.32283004611215,1.79136485367748,5.52160967515176
1085,2021,26,Sonora,277,51,0,328,1517657,1506490,3024147,18.2518184280111,3.38535270728647,10.846033608816
1086,2021,27,Tabasco,91,19,0,110,1195057,1246696,2441753,7.61469954989595,1.52402831163331,4.50496016591359
1087,2021,28,Tamaulipas,168,34,0,202,1789595,1832339,3621934,9.38759887013542,1.85555183838798,5.57713089194889
1088,2021,29,Tlaxcala,49,12,0,61,669270,711365,1380635,7.32140989436251,1.68689772479669,4.41825681660975
1089,2021,30,Veracruz,212,41,0,253,3921761,4224423,8146184,5.40573482167832,0.9705467468575,3.10574865483029
1090,2021,31,Yucatán,275,65,0,340,1177681,1213121,2390802,23.3509753490122,5.35808052123407,14.2211692980013
1091,2021,32,Zacatecas,110,20,0,130,809327,846076,1655403,13.5915396372542,2.36385383818948,7.85307263548514
1092,2021,33,Extranjero,17,3,0,20,,,,,,
1093,2021,99,Not specified,111,9,4,124,,,,,,
1094,2022,0,Nacional,6707,1529,3,8239,63553508,66407092,129960600,10.5533120217377,2.30246492347534,6.33961369830549
1095,2022,1,Aguascalientes,123,32,0,155,730684,760442,1491126,16.8335422699826,4.20807898564256,10.3948291425406
1096,2022,2,Baja California,77,18,0,95,2000031,1948170,3948201,3.84994032592495,0.923944008993055,2.40615915957673
1097,2022,3,Baja California Sur,61,6,0,67,433241,415983,849224,14.0799231836322,1.442366635175,7.88955564138555
1098,2022,4,Campeche,77,15,0,92,465194,480251,945445,16.5522341216783,3.12336673947582,9.73086747510432
1099,2022,5,Coahuila,253,49,0,302,1632411,1641247,3273658,15.4985478534511,2.98553477934765,9.22515424641181
1100,2022,6,Colima,53,7,0,60,372310,379937,752247,14.2354489538288,1.84241071546072,7.97610359363347
1101,2022,7,Chiapas,224,41,0,265,2866519,2996363,5862882,7.81435601857165,1.36832553332156,4.51996134324382
1102,2022,8,Chihuahua,431,96,1,528,1941481,1956793,3898274,22.1995476649012,4.90598647889685,13.5444558284
1103,2022,9,Ciudad de México,209,68,0,277,4426944,4810700,9237644,4.72108976305099,1.41351570457522,2.9986000759501
1104,2022,10,Durango,127,26,0,153,933195,951091,1884286,13.6091599290609,2.73370266357268,8.11978648676475
1105,2022,11,Guanajuato,409,86,0,495,3093383,3267431,6360814,13.2217704694181,2.63203721823047,7.78202286688465
1106,2022,12,Guerrero,74,14,0,88,1733707,1866244,3599951,4.26831061996058,0.750169859889704,2.44447771650225
1107,2022,13,Hidalgo,97,26,0,123,1532282,1658049,3190331,6.33042742784944,1.56810805953262,3.85539933003817
1108,2022,14,Jalisco,541,115,0,656,4263272,4384714,8647986,12.6897838092432,2.62274802871978,7.5855811977494
1109,2022,15,Estado de México,777,210,0,987,8443203,8936441,17379644,9.20266870286075,2.34992879156255,5.6790576377744
1110,2022,16,Michoacán,228,65,0,293,2388407,2513099,4901506,9.54611169704326,2.58644804681391,5.97775459216004
1111,2022,17,Morelos,106,32,0,138,974445,1042633,2017078,10.8779869566779,3.06915280832278,6.84157975051039
1112,2022,18,Nayarit,118,24,0,142,634516,644089,1278605,18.5968517736353,3.72619311927389,11.1058536451836
1113,2022,19,Nuevo León,342,82,0,424,3057506,3037992,6095498,11.1855872073514,2.69915128150436,6.95595339379982
1114,2022,20,Oaxaca,133,33,0,166,2031892,2212646,4244538,6.54562348786254,1.49142700639867,3.91090856060188
1115,2022,21,Puebla,226,63,0,289,3285500,3539285,6824785,6.87870948105311,1.78002054087196,4.23456563100523
1116,2022,22,Querétaro,194,46,0,240,1229004,1279210,2508214,15.7851398368109,3.59596938735626,9.56856153422316
1117,2022,23,Quintana Roo,126,29,0,155,996754,980407,1977161,12.6410327924443,2.95795521655802,7.83952343789909
1118,2022,24,San Luis Potosí,222,48,0,270,1414387,1491372,2905759,15.695845620753,3.21851288612097,9.2918924108985
1119,2022,25,Sinaloa,144,31,0,175,1544234,1574236,3118470,9.32501162388602,1.96920919099805,5.61172626319958
1120,2022,26,Sonora,239,39,1,279,1532336,1518852,3051188,15.5971014190099,2.56772878463471,9.14397932870738
1121,2022,27,Tabasco,121,35,0,156,1196563,1250630,2447193,10.1122966362824,2.79858951088651,6.37465046688185
1122,2022,28,Tamaulipas,181,36,0,217,1805488,1847183,3652671,10.0249904734897,1.94891356189398,5.94085807344817
1123,2022,29,Tlaxcala,52,20,0,72,675682,719338,1395020,7.69592796611424,2.78033414055701,5.16121632664765
1124,2022,30,Veracruz,216,40,0,256,3912196,4221037,8133233,5.52119576831018,0.947634432012797,3.14757981235752
1125,2022,31,Yucatán,305,61,0,366,1191783,1228618,2420401,25.5919072515718,4.96492807365674,15.1214612785237
1126,2022,32,Zacatecas,99,27,0,126,814958,852609,1667567,12.1478652887633,3.1667505269121,7.55591829293816
1127,2022,33,Extranjero,20,4,0,24,,,,,,
1128,2022,99,Not specified,102,5,1,108,,,,,,
1129,2023,0,Nacional,7310,1760,2,9072,64138153,66997184,131135337,11.3972723848159,2.62697608305448,6.91804376115646
1130,2023,1,Aguascalientes,108,41,0,149,740446,770393,1510839,14.5858036912888,5.32195905206823,9.86207001540204
1131,2023,2,Baja California,166,25,0,191,2033452,1977058,4010510,8.16345800146746,1.26450513844308,4.7624865665464
1132,2023,3,Baja California Sur,56,14,0,70,442704,425062,867766,12.6495355813365,3.29363716351968,8.06669078991341
1133,2023,4,Campeche,77,17,0,94,467145,483146,950291,16.483104817562,3.51860514213095,9.89170685611039
1134,2023,5,Coahuila,261,52,0,313,1654677,1662061,3316738,15.7734711970977,3.12864569952607,9.43698296338149
1135,2023,6,Colima,40,10,0,50,374929,382476,757405,10.6686866046638,2.61454313473264,6.60148797538965
1136,2023,7,Chiapas,199,44,0,243,2905814,3040538,5946352,6.84833922611702,1.44711232025385,4.08653910834744
1137,2023,8,Chihuahua,456,97,1,554,1968560,1979376,3947936,23.1641402852847,4.90053430980269,14.0326489588484
1138,2023,9,Ciudad de México,305,95,0,400,4421621,4800016,9221637,6.89792273014806,1.97916006946644,4.337624653844
1139,2023,10,Durango,141,27,0,168,940981,958476,1899457,14.9843620646963,2.81697194295945,8.84463296615822
1140,2023,11,Guanajuato,441,116,0,557,3122295,3300188,6422483,14.124225929965,3.51495126944283,8.67265822268428
1141,2023,12,Guerrero,51,24,0,75,1735511,1868704,3604215,2.93861577368279,1.28431255030224,2.08089694982125
1142,2023,13,Hidalgo,160,43,0,203,1549129,1678672,3227801,10.3283845309203,2.56154865274455,6.28911137954292
1143,2023,14,Jalisco,572,149,0,721,4309024,4426487,8735511,13.2744677216929,3.36610047651783,8.25366712949019
1144,2023,15,Estado de México,879,293,0,1172,8499818,9001402,17501220,10.3413978981668,3.25504849133502,6.69667600315864
1145,2023,16,Michoacán,280,71,0,351,2413736,2536865,4950601,11.6002744293494,2.79872992847471,7.09004825878717
1146,2023,17,Morelos,119,27,0,146,981324,1049533,2030857,12.126474028965,2.57257275378668,7.18908322939528
1147,2023,18,Nayarit,78,16,0,94,641928,652196,1294124,12.1508954275246,2.45325024992487,7.26360070596017
1148,2023,19,Nuevo León,300,65,0,365,3112423,3089730,6202153,9.63879267053354,2.10374369281458,5.88505314202987
1149,2023,20,Oaxaca,187,42,0,229,2047379,2229390,4276769,9.13362889821572,1.88392340505699,5.35450944392835
1150,2023,21,Puebla,298,78,0,376,3326593,3580828,6907421,8.95811420272934,2.17826714938556,5.44342092367035
1151,2023,22,Querétaro,187,37,0,224,1253655,1304260,2557915,14.9163844917461,2.83685768175057,8.75713227374639
1152,2023,23,Quintana Roo,145,38,0,183,1017572,1002034,2019606,14.2496059246913,3.7922864892808,9.061173317964
1153,2023,24,San Luis Potosí,209,34,0,243,1426318,1504734,2931052,14.6531138217424,2.25953557240017,8.29053868713349
1154,2023,25,Sinaloa,152,27,1,180,1556119,1586580,3142699,9.76789050194747,1.70177362629051,5.72756092772486
1155,2023,26,Sonora,241,31,0,272,1549226,1532508,3081734,15.5561551381141,2.02282793956051,8.82619979531004
1156,2023,27,Tabasco,147,31,0,178,1199334,1255453,2454787,12.2568025254016,2.46922823873136,7.25113828613236
1157,2023,28,Tamaulipas,171,39,0,210,1822922,1862666,3685588,9.38054398377989,2.09377311874485,5.69786964793677
1158,2023,29,Tlaxcala,63,19,0,82,684227,728668,1412895,9.20747062013045,2.60749751601552,5.80368675662381
1159,2023,30,Veracruz,291,58,0,349,3909055,4222529,8131584,7.44425442977906,1.37358440877493,4.29190671829744
1160,2023,31,Yucatán,285,56,0,341,1207481,1244897,2452378,23.6028558627424,4.49836412169039,13.9048711087769
1161,2023,32,Zacatecas,88,22,0,110,822755,860258,1683013,10.6957721314365,2.55737232318677,6.53589722717531
1162,2023,33,Extranjero,26,4,0,30,,,,,,
1163,2023,99,Not specified,131,18,0,149,,,,,,
1164,2024,0,Nacional,7296,1752,3,9051,64705498,67568918,132274416,11.2757033413142,2.59290817710001,6.84259305291509
1165,2024,1,Aguascalientes,139,38,0,177,750016,780169,1530185,18.5329379639901,4.87073954489348,11.5672287991321
1166,2024,2,Baja California,152,35,0,187,2066457,2005415,4071872,7.355584945634,1.74527466883413,4.59248227842133
1167,2024,3,Baja California Sur,65,9,0,74,452039,434011,886050,14.3792902824756,2.07368016018027,8.35167315614243
1168,2024,4,Campeche,67,11,0,78,468854,485805,954659,14.2901628225418,2.26428299420549,8.17045667615347
1169,2024,5,Coahuila,230,54,0,284,1676558,1682433,3358991,13.7185829538853,3.2096374714476,8.45491994470959
1170,2024,6,Colima,32,10,0,42,377465,384922,762387,8.47760719536911,2.59792893105616,5.50901313899634
1171,2024,7,Chiapas,168,35,0,203,2944274,3083880,6028154,5.70599067885666,1.1349339144195,3.3675317518431
1172,2024,8,Chihuahua,434,101,0,535,1995203,2001301,3996504,21.7521725859474,5.04671711051961,13.3866999757788
1173,2024,9,Ciudad de México,380,113,0,493,4415603,4788415,9204018,8.60584613245348,2.35986229263754,5.35635632177164
1174,2024,10,Durango,130,35,0,165,948360,965414,1913774,13.7078746467586,3.62538765752309,8.62170768335237
1175,2024,11,Guanajuato,376,84,0,460,3149907,3331631,6481538,11.9368603580995,2.52128762158835,7.09708097059679
1176,2024,12,Guerrero,38,13,0,51,1736442,1870291,3606733,2.18838291172409,0.695079001075234,1.41402205264432
1177,2024,13,Hidalgo,143,41,0,184,1565555,1698840,3264395,9.13414092765824,2.4134115043206,5.63657277994851
1178,2024,14,Jalisco,569,137,0,706,4353743,4467172,8820915,13.069214237037,3.06681721679846,8.00370483107478
1179,2024,15,Estado de México,966,273,0,1239,8552943,9063075,17616018,11.2943579771314,3.01222267276835,7.03337155990644
1180,2024,16,Michoacán,254,58,0,312,2438603,2560051,4998654,10.4157995376861,2.26557986540112,6.24168026032608
1181,2024,17,Morelos,96,19,0,115,987825,1056059,2043884,9.71832055272948,1.79914190400347,5.62654240651622
1182,2024,18,Nayarit,69,16,0,85,649254,660178,1309432,10.6275818092765,2.42358878969005,6.49136419455153
1183,2024,19,Nuevo León,336,72,0,408,3167035,3141164,6308199,10.6092922875813,2.29214393135793,6.4677731314437
1184,2024,20,Oaxaca,189,34,0,223,2062655,2245888,4308543,9.16294775422938,1.51387780690756,5.17576359340037
1185,2024,21,Puebla,285,91,0,376,3367332,3622070,6989402,8.46367391157154,2.51237552007554,5.37957324532199
1186,2024,22,Querétaro,162,52,0,214,1277831,1328867,2606698,12.6777328144332,3.91310793329957,8.20961998666512
1187,2024,23,Quintana Roo,178,50,0,228,1037909,1023222,2061131,17.1498657396747,4.88652511380717,11.061887866419
1188,2024,24,San Luis Potosí,212,43,0,255,1438039,1517802,2955841,14.7422983660388,2.83304409929622,8.62698636361022
1189,2024,25,Sinaloa,152,18,0,170,1567400,1598286,3165686,9.69758836289397,1.12620644865813,5.37008408288125
1190,2024,26,Sonora,210,52,0,262,1565871,1545833,3111704,13.4110664288438,3.36388212698267,8.4198239935418
1191,2024,27,Tabasco,165,44,0,209,1201686,1259869,2461555,13.7307083547616,3.49242659355854,8.49056795399656
1192,2024,28,Tamaulipas,173,35,0,208,1839984,1877634,3717618,9.40225567178845,1.86404805196327,5.5949804417775
1193,2024,29,Tlaxcala,51,21,0,72,692634,737863,1430497,7.36319614688277,2.84605678831978,5.03321572851953
1194,2024,30,Veracruz,316,64,0,380,3904834,4222893,8127727,8.09253351102761,1.51554870085508,4.67535388430246
1195,2024,31,Yucatán,283,48,0,331,1222689,1260711,2483400,23.1457058990471,3.80737536199811,13.3285012482886
1196,2024,32,Zacatecas,92,27,0,119,830498,867754,1698252,11.0776907349566,3.11148090357405,7.00720505555124
1197,2024,33,Extranjero,13,1,0,14,,,,,,
1198,2024,99,Not specified,171,18,3,192,,,,,,
